Year,Team,wins,losses,PF,yards,plays,yards/play,TO,Fumbles Lost,1st downs,completions,pass attempts,pass yards,pass td,int,net yards per pass att,pass 1st downs,Unnamed: 17,rush yards,rush td,rush yards per att,rush 1st downs,penalties,pen yards,pen 1st downs,number drives,score percentage,turnover percentage,avg start,avg time per drive,avg plays per drive,avg yards per drive,avg points per drive,SB,Winner,Winner Pts,Loser,Loser Pts
2019,1,12,4,420,5664,1095,5.2,15,6,338,378,620,3961,25,9,6.1,197,447,1703,17,3.8,110,94,828,31,185,36.8,7.6,Own 32.5,2:40,5.97,29.9,1.99, 53,1,13,30,3
2019,3,10,6,314,5283,1018,5.2,19,7,314,299,513,3229,21,12,5.8,162,465,2054,13,4.4,120,117,927,32,183,30.6,10.4,Own 28.9,2:34,5.62,28.6,1.66, 53,1,13,30,3
2019,4,7,9,276,4368,956,4.6,25,9,253,323,521,3111,19,16,5.4,162,383,1257,6,3.3,61,115,1105,30,183,23.0,11.5,Own 26.4,2:28,5.23,23.1,1.21, 53,1,13,30,3
2019,2,5,11,306,4960,1022,4.9,26,8,315,371,615,3804,22,18,5.7,210,349,1156,10,3.3,64,92,769,41,180,30.6,13.3,Own 27.6,2:33,5.78,27.1,1.63, 53,1,13,30,3
2019,7,14,2,531,6521,1064,6.1,15,7,386,289,440,3225,37,8,6.9,171,596,3296,21,5.5,188,109,867,27,163,52.1,8.6,Own 28.9,3:22,6.61,39.3,2.96, 53,1,13,30,3
2019,6,8,8,289,4428,937,4.7,30,11,265,315,510,2981,18,19,5.5,147,395,1447,7,3.7,75,111,893,43,185,28.6,15.7,Own 29.4,2:28,5.17,23.2,1.38, 53,1,13,30,3
2019,8,6,10,335,5455,973,5.6,28,7,305,318,539,3554,22,21,6.1,180,393,1901,15,4.8,90,122,1106,35,182,34.1,14.8,Own 29.3,2:36,5.47,29.7,1.84, 53,1,13,30,3
2019,5,2,14,279,5169,1049,4.9,30,14,312,356,616,3652,18,16,5.5,191,385,1517,9,3.9,85,93,761,36,175,30.3,16.0,Own 27.8,2:38,5.97,29.0,1.53, 53,1,13,30,3
2019,12,10,6,378,5792,1017,5.7,22,8,346,355,534,3783,27,14,6.5,203,434,2009,17,4.6,112,111,892,31,167,37.7,12.0,Own 28.6,2:50,6.15,34.3,2.19, 53,1,13,30,3
2019,11,9,7,402,5805,949,6.1,17,9,317,297,448,3582,29,8,7.1,177,445,2223,21,5.0,104,99,932,36,183,31.7,8.2,Own 27.5,2:28,5.24,31.5,2.04, 53,1,13,30,3
2019,9,7,9,361,5238,1016,5.2,21,11,340,307,513,3108,22,10,5.7,165,471,2130,17,4.5,131,79,670,44,166,36.1,11.4,Own 27.6,2:53,6.25,31.1,2.0, 53,1,13,30,3
2019,10,6,10,300,5468,1020,5.4,20,12,298,364,589,3760,24,8,6.0,183,389,1708,3,4.4,85,132,1165,30,177,33.9,10.2,Own 25.9,2:45,5.95,30.9,1.63, 53,1,13,30,3
2019,14,12,4,451,6067,976,6.2,15,10,350,378,576,4498,30,5,7.5,211,375,1569,16,4.2,93,107,1029,46,162,49.4,8.0,Own 28.9,2:52,6.18,37.2,2.62, 53,1,13,30,3
2019,13,7,9,282,4777,954,5.0,16,6,279,312,504,3115,16,10,5.7,162,409,1662,11,4.1,77,110,912,40,170,32.9,9.4,Own 27.2,2:45,5.78,28.1,1.62, 53,1,13,30,3
2019,16,7,9,313,5819,989,5.9,17,9,315,367,523,3926,22,8,7.1,194,437,1893,13,4.3,104,128,1138,17,161,32.9,9.9,Own 27.1,3:01,6.16,35.4,1.86, 53,1,13,30,3
2019,15,5,11,337,5879,997,5.9,31,11,349,394,597,4426,24,20,7.0,220,366,1453,12,4.0,90,103,872,39,157,39.5,18.5,Own 26.2,3:05,6.46,36.9,2.1, 53,1,13,30,3
2019,20,9,7,385,5772,1104,5.2,23,15,354,391,613,3833,27,8,5.9,215,454,1939,16,4.3,104,100,836,35,183,35.5,10.4,Own 28.2,2:51,6.07,30.9,2.01, 53,1,13,30,3
2019,19,8,8,434,6904,1069,6.5,18,7,379,388,597,4751,30,11,7.7,229,449,2153,18,4.8,120,109,1008,30,175,44.6,10.3,Own 26.3,2:42,6.34,39.4,2.43, 53,1,13,30,3
2019,17,4,12,341,5416,1012,5.4,33,16,311,376,607,3731,30,17,5.7,187,362,1685,11,4.7,89,90,784,35,180,28.3,18.3,Own 26.3,2:30,5.61,29.4,1.72, 53,1,13,30,3
2019,18,3,13,266,4395,885,5.0,21,8,248,298,479,2812,18,13,5.3,154,356,1583,9,4.4,74,106,835,20,173,30.1,12.1,Own 28.2,2:27,5.19,25.1,1.53, 53,1,13,30,3
2019,24,13,3,376,5528,1020,5.4,13,9,320,356,573,3733,26,4,6.1,190,411,1795,18,4.4,90,100,774,40,175,37.1,6.9,Own 28.6,2:50,5.89,31.1,2.1, 53,1,13,30,3
2019,22,10,6,407,5656,970,5.8,20,12,314,319,466,3523,26,8,7.1,171,476,2133,19,4.5,106,96,895,37,172,41.9,10.5,Own 29.7,2:39,5.77,32.5,2.3, 53,1,13,30,3
2019,21,8,8,280,4749,1020,4.7,19,7,297,371,580,3291,20,12,5.3,178,395,1458,8,3.7,85,103,838,34,172,29.1,10.5,Own 28.3,2:46,5.99,27.2,1.5, 53,1,13,30,3
2019,23,3,12,341,5549,1021,5.4,23,8,313,344,571,3900,28,15,6.4,196,407,1649,7,4.1,82,113,937,35,180,33.3,11.7,Own 28.4,2:33,5.74,30.3,1.78, 53,1,13,30,3
2019,28,13,3,458,5982,1011,5.9,8,2,347,418,581,4244,36,6,7.0,230,405,1738,12,4.3,97,120,1036,20,170,47.1,4.1,Own 33.6,3:00,6.07,34.8,2.54, 53,1,13,30,3
2019,27,7,9,381,6075,1096,5.5,25,10,383,459,684,4714,29,15,6.4,258,362,1361,10,3.8,84,119,956,41,172,41.3,13.4,Own 28.6,2:51,6.54,35.2,2.15, 53,1,13,30,3
2019,25,7,9,458,6366,1086,5.9,41,11,353,382,630,4845,33,30,7.2,244,409,1521,15,3.7,81,133,1111,28,193,38.3,20.7,Own 27.7,2:30,5.68,32.4,2.12, 53,1,13,30,3
2019,26,5,11,340,5469,1077,5.1,35,14,335,382,633,3650,17,21,5.3,230,386,1819,20,4.7,82,87,754,23,189,32.3,16.9,Own 28.8,2:25,5.79,28.7,1.73, 53,1,13,30,3
2019,32,13,3,479,6097,1012,6.0,23,10,336,331,478,3792,28,13,7.4,195,498,2305,23,4.6,110,105,939,31,183,44.3,12.0,Own 32.1,2:46,5.74,33.1,2.44, 53,1,13,30,3
2019,29,11,5,405,5991,1046,5.7,20,14,341,341,517,3791,31,6,6.7,190,481,2200,15,4.6,121,109,882,30,187,36.9,10.2,Own 30.0,2:41,5.71,31.8,2.09, 53,1,13,30,3
2019,30,9,7,394,5998,1055,5.7,24,7,342,397,632,4499,22,17,6.9,222,401,1499,20,3.7,92,118,899,28,178,36.0,12.9,Own 28.1,2:31,5.88,32.3,1.98, 53,1,13,30,3
2019,31,5,10,361,5467,1000,5.5,18,6,314,355,554,3477,20,12,5.8,176,396,1990,18,5.0,109,121,956,29,178,38.8,10.1,Own 27.7,2:29,5.81,30.6,2.02, 53,1,13,30,3
2018,1,11,5,436,6295,1073,5.9,18,7,365,378,574,4258,29,11,7.2,206,478,2037,18,4.3,131,93,744,28,184,40.8,9.2,Own 29.9,2:42,6.05,34.2,2.27, 52,20,41,1,33
2018,2,7,9,319,4638,878,5.3,23,10,252,292,455,2900,26,13,5.7,153,371,1738,7,4.7,75,108,978,24,184,28.3,12.5,Own 29.4,2:27,4.92,25.0,1.59, 52,20,41,1,33
2018,3,6,10,269,4778,1008,4.7,32,9,283,271,499,2794,13,23,5.2,137,468,1984,15,4.2,108,116,992,38,193,26.4,15.5,Own 29.7,2:32,5.47,24.6,1.39, 52,20,41,1,33
2018,4,4,12,333,4787,971,4.9,30,11,258,299,524,3165,18,19,5.6,157,410,1622,11,4.0,84,114,948,17,197,32.0,14.7,Own 30.7,2:22,5.15,24.2,1.57, 52,20,41,1,33
2018,7,10,6,389,5999,1135,5.3,20,11,367,334,556,3558,18,9,6.1,184,547,2441,19,4.5,153,116,940,30,177,40.7,10.7,Own 29.5,2:58,6.59,33.7,2.06, 52,20,41,1,33
2018,6,9,6,428,6453,1058,6.1,26,9,378,459,689,5008,35,17,7.0,251,345,1445,16,4.2,88,111,1026,39,182,36.8,14.3,Own 26.0,2:44,5.93,35.5,2.23, 52,20,41,1,33
2018,8,7,8,359,5900,1023,5.8,24,7,314,353,574,4007,29,17,6.5,189,411,1893,15,4.6,93,112,894,32,202,31.2,11.4,Own 28.5,2:20,5.21,29.2,1.81, 52,20,41,1,33
2018,5,6,10,368,4972,938,5.3,17,4,304,331,542,3290,27,13,5.7,182,359,1682,13,4.7,92,114,957,30,166,35.5,9.6,Own 29.0,2:39,5.78,29.7,2.03, 52,20,41,1,33
2018,12,11,5,402,5802,1040,5.6,16,7,333,345,506,3781,26,9,6.7,202,472,2021,12,4.3,94,105,787,37,186,40.3,8.1,Own 31.3,2:39,5.84,31.1,2.03, 52,20,41,1,33
2018,9,10,6,433,6179,1070,5.8,24,9,371,432,644,4461,39,15,6.7,237,408,1718,13,4.2,96,120,953,38,182,41.2,13.2,Own 29.8,2:39,6.04,33.9,2.38, 52,20,41,1,33
2018,11,9,7,310,5002,940,5.3,18,6,289,293,437,2975,16,12,6.1,156,456,2027,15,4.4,106,82,727,27,166,34.9,10.2,Own 27.8,2:52,5.86,30.0,1.82, 52,20,41,1,33
2018,10,5,11,245,4832,1005,4.8,29,16,277,329,536,3109,15,13,5.3,164,416,1723,7,4.1,92,121,1112,21,180,25.0,15.6,Own 27.0,2:41,5.76,26.9,1.24, 52,20,41,1,33
2018,14,12,4,565,6810,996,6.8,18,6,384,385,583,4955,50,12,8.1,239,387,1855,16,4.8,108,137,1152,37,171,52.6,10.5,Own 30.9,2:44,6.02,39.8,3.12, 52,20,41,1,33
2018,15,12,4,428,5962,945,6.3,19,7,338,348,512,4089,32,12,7.5,213,399,1873,16,4.7,100,113,967,25,170,42.4,10.0,Own 28.7,2:53,5.77,34.9,2.4, 52,20,41,1,33
2018,13,6,10,329,5602,1015,5.5,21,6,320,367,588,3695,19,15,5.9,181,393,1907,18,4.9,107,125,985,32,186,30.6,11.3,Own 27.8,2:30,5.63,30.1,1.72, 52,20,41,1,33
2018,16,4,12,290,5379,995,5.4,24,14,300,382,556,3751,19,10,6.2,197,387,1628,9,4.2,86,110,965,17,176,31.3,13.6,Own 26.8,2:49,5.85,30.5,1.57, 52,20,41,1,33
2018,19,10,6,339,5501,1022,5.4,17,9,322,356,527,3538,22,8,6.1,184,439,1963,13,4.5,113,104,885,25,169,37.9,10.1,Own 27.9,2:59,6.27,32.5,1.96, 52,20,41,1,33
2018,20,9,7,367,5845,1037,5.6,23,12,346,422,599,4275,29,11,6.7,221,398,1570,12,3.9,94,100,852,31,176,38.1,12.5,Own 28.4,2:58,6.09,33.2,2.07, 52,20,41,1,33
2018,18,7,9,281,4795,967,5.0,19,4,280,311,509,3021,16,15,5.5,156,414,1774,12,4.3,96,115,1008,28,170,31.8,11.2,Own 28.6,2:47,5.87,28.3,1.61, 52,20,41,1,33
2018,17,5,11,369,5697,984,5.8,19,7,297,382,583,4047,23,12,6.4,208,354,1650,13,4.7,71,114,951,18,177,38.4,9.6,Own 27.2,2:37,5.79,32.2,1.97, 52,20,41,1,33
2018,21,12,4,421,5502,1013,5.4,24,10,331,344,512,3564,28,14,6.5,177,468,1938,16,4.1,108,97,796,46,182,36.8,13.2,Own 30.4,2:51,5.76,30.1,2.07, 52,20,41,1,33
2018,22,8,7,360,5529,1003,5.5,20,10,310,425,606,4036,30,10,6.2,218,357,1493,9,4.2,66,92,779,26,188,32.4,10.6,Own 30.3,2:31,5.52,29.2,1.8, 52,20,41,1,33
2018,24,6,9,376,5905,1026,5.8,15,11,332,392,640,4238,25,4,6.1,208,333,1667,14,5.0,98,108,937,26,178,38.8,6.7,Own 27.5,2:42,6.03,33.2,2.04, 52,20,41,1,33
2018,23,6,10,324,5236,1019,5.1,19,7,325,375,574,3576,22,12,5.8,201,404,1660,11,4.1,91,94,852,33,173,35.3,11.0,Own 27.7,2:54,6.13,30.3,1.82, 52,20,41,1,33
2018,28,13,3,504,6067,1010,6.0,16,9,377,381,519,4042,33,7,7.5,210,471,2025,26,4.3,134,94,939,33,168,51.8,9.5,Own 31.5,3:02,6.15,36.1,2.96, 52,20,41,1,33
2018,27,7,9,414,6226,1010,6.2,18,11,352,428,617,4653,36,7,7.1,238,351,1573,11,4.5,84,101,899,30,168,42.9,10.7,Own 26.3,2:49,6.18,37.0,2.4, 52,20,41,1,33
2018,26,7,9,376,5972,1011,5.9,22,6,356,378,563,3836,28,16,6.4,212,416,2136,17,5.1,117,92,818,27,173,37.0,12.1,Own 28.2,2:51,5.97,34.5,2.15, 52,20,41,1,33
2018,25,5,11,396,6648,1055,6.3,35,9,388,408,625,5125,36,26,7.7,265,389,1523,11,3.9,80,117,975,43,184,37.0,19.0,Own 26.2,2:39,5.89,36.0,2.15, 52,20,41,1,33
2018,30,13,3,527,6738,1060,6.4,19,7,401,368,568,4507,32,12,7.5,236,459,2231,23,4.9,134,96,878,31,183,48.6,9.8,Own 30.4,2:41,6.04,36.7,2.66, 52,20,41,1,33
2018,29,10,6,428,5653,1012,5.6,11,4,329,280,427,3093,35,7,6.5,156,534,2560,15,4.8,133,111,959,40,181,39.8,6.1,Own 27.8,2:47,5.77,31.1,2.3, 52,20,41,1,33
2018,32,4,12,342,5769,1003,5.8,32,12,344,331,532,3867,26,20,6.7,201,423,1902,7,4.5,98,112,982,45,181,37.0,17.1,Own 26.2,2:39,5.72,31.8,1.86, 52,20,41,1,33
2018,31,3,13,225,3865,902,4.3,28,10,239,283,495,2523,15,18,4.6,137,355,1342,9,3.8,76,101,786,26,187,19.3,15.0,Own 28.0,2:16,4.94,20.6,1.09, 52,20,41,1,33
2017,1,13,3,458,6307,1070,5.9,12,4,389,389,587,4418,32,8,7.1,232,448,1889,16,4.2,107,95,835,50,174,49.4,6.9,Own 28.5,2:49,6.38,36.1,2.61, 51,1,34,27,28
2017,3,9,7,302,4842,1010,4.8,16,6,278,289,476,2825,16,10,5.4,149,487,2017,12,4.1,105,98,872,24,180,31.7,8.9,Own 28.2,2:31,5.92,26.9,1.57, 51,1,34,27,28
2017,2,6,10,281,4923,995,4.9,29,8,284,373,602,3535,24,21,5.6,187,360,1388,4,3.9,66,137,1154,31,190,25.8,15.3,Own 28.1,2:29,5.39,25.9,1.36, 51,1,34,27,28
2017,4,5,11,298,4884,984,5.0,24,12,269,323,510,3182,19,12,5.7,157,427,1702,13,4.0,77,119,1035,35,199,28.6,11.1,Own 27.6,2:26,5.12,24.5,1.5, 51,1,34,27,28
2017,6,13,3,406,6047,1051,5.8,20,5,348,384,590,4380,29,15,7.1,217,437,1667,12,3.8,96,101,897,35,179,43.0,10.6,Own 29.3,2:52,6.09,33.7,2.23, 51,1,34,27,28
2017,7,9,7,395,4886,1054,4.6,17,4,311,363,567,3030,20,13,5.1,168,460,1856,14,4.0,111,91,749,32,192,36.5,8.9,Own 32.8,2:34,5.7,25.4,1.84, 51,1,34,27,28
2017,5,7,9,290,4488,927,4.8,23,11,267,304,510,3122,25,12,5.7,165,377,1366,6,3.6,72,110,1027,30,185,26.5,11.4,Own 27.9,2:22,5.11,24.2,1.46, 51,1,34,27,28
2017,8,0,16,234,4942,1008,4.9,41,13,290,312,574,3228,15,28,5.2,157,384,1714,11,4.5,97,110,924,36,186,22.0,21.0,Own 26.5,2:26,5.53,26.5,1.22, 51,1,34,27,28
2017,10,10,6,417,5855,1078,5.4,23,10,332,316,527,3593,21,13,6.5,193,527,2262,18,4.3,101,112,936,38,199,34.7,11.1,Own 29.2,2:36,5.6,29.4,1.82, 51,1,34,27,28
2017,11,9,7,334,5024,974,5.2,25,8,290,306,496,3191,14,17,6.0,157,443,1833,18,4.1,97,85,785,36,191,35.1,12.6,Own 28.7,2:32,5.32,26.3,1.72, 51,1,34,27,28
2017,9,4,12,263,4553,994,4.6,15,6,267,285,487,2892,13,9,5.3,148,451,1661,11,3.7,94,92,779,25,180,29.4,8.3,Own 27.3,2:38,5.72,25.2,1.42, 51,1,34,27,28
2017,12,4,12,338,5120,1027,5.0,28,11,313,299,525,3278,28,17,5.7,180,448,1842,8,4.1,86,124,1050,47,192,29.2,14.6,Own 25.3,2:30,5.49,26.7,1.63, 51,1,34,27,28
2017,14,10,6,415,6007,985,6.1,11,3,322,363,543,4104,26,8,7.1,198,405,1903,12,4.7,95,118,1044,29,176,44.9,6.3,Own 29.1,2:49,5.86,34.0,2.21, 51,1,34,27,28
2017,15,9,7,355,6026,1020,5.9,15,4,337,366,583,4431,28,11,7.4,220,419,1595,10,3.8,84,108,927,33,177,33.3,8.5,Own 26.1,2:45,5.94,34.1,1.88, 51,1,34,27,28
2017,16,6,10,301,5185,952,5.4,28,14,287,347,558,3631,23,14,6.2,178,370,1554,13,4.2,78,114,1009,31,178,29.2,15.2,Own 28.3,2:36,5.49,29.1,1.69, 51,1,34,27,28
2017,13,5,11,289,5185,1075,4.8,34,12,297,332,566,3333,19,22,5.4,180,457,1852,8,4.1,92,113,885,25,193,26.4,16.6,Own 27.0,2:37,5.73,26.9,1.35, 51,1,34,27,28
2017,20,13,3,457,5852,1073,5.5,20,11,338,341,564,3737,38,9,6.2,193,473,2115,9,4.5,108,116,962,37,191,40.3,9.4,Own 30.0,2:44,5.81,30.5,2.21, 51,1,34,27,28
2017,19,9,7,354,5311,1005,5.3,22,9,314,309,493,3141,22,13,6.0,162,480,2170,18,4.5,127,97,939,25,171,36.3,11.1,Own 29.9,2:50,6.09,31.1,2.02, 51,1,34,27,28
2017,18,7,9,342,5199,982,5.3,27,14,278,347,540,3751,27,13,6.5,191,401,1448,10,3.6,66,92,733,21,191,31.9,12.6,Own 29.4,2:30,5.3,27.0,1.73, 51,1,34,27,28
2017,17,3,13,246,5028,1036,4.9,22,8,271,373,608,3479,20,14,5.4,178,394,1549,6,3.9,66,91,895,27,194,22.7,11.3,Own 26.7,2:22,5.48,25.9,1.22, 51,1,34,27,28
2017,22,13,3,382,5710,1055,5.4,14,6,334,357,527,3753,25,8,6.8,196,501,1957,15,3.9,100,100,949,38,185,38.9,7.6,Own 29.4,2:48,5.91,30.9,2.03, 51,1,34,27,28
2017,23,9,7,410,5404,980,5.5,22,11,296,374,570,4183,29,11,6.8,210,363,1221,10,3.4,58,104,968,28,185,37.3,11.9,Own 29.9,2:35,5.5,29.1,1.96, 51,1,34,27,28
2017,24,7,9,320,4891,999,4.9,25,7,307,352,562,3167,25,18,5.2,176,386,1724,13,4.5,99,96,789,32,174,30.5,13.2,Own 26.5,2:41,5.89,28.1,1.79, 51,1,34,27,28
2017,21,5,11,264,4599,934,4.9,22,10,266,291,473,2811,13,12,5.5,144,422,1788,13,4.2,92,115,943,30,174,24.1,12.1,Own 27.1,2:41,5.52,26.3,1.32, 51,1,34,27,28
2017,28,11,5,448,6259,1000,6.3,18,10,332,386,536,4189,23,8,7.5,201,444,2070,23,4.7,111,105,967,20,175,44.6,9.1,Own 29.6,2:51,5.97,35.6,2.41, 51,1,34,27,28
2017,26,11,5,363,5179,1026,5.0,22,6,320,293,501,3077,22,16,5.7,167,490,2102,15,4.3,121,83,682,32,179,37.4,11.7,Own 30.0,2:53,5.92,28.8,1.97, 51,1,34,27,28
2017,27,10,6,353,5837,984,5.9,18,6,330,343,530,3990,21,12,7.2,200,430,1847,12,4.3,101,102,918,29,165,41.2,10.3,Own 25.9,2:54,6.22,35.3,2.06, 51,1,34,27,28
2017,25,5,11,335,5814,1035,5.6,27,13,352,378,605,4366,26,14,6.8,243,390,1448,8,3.7,76,104,795,33,175,33.7,15.4,Own 27.6,2:43,6.13,33.1,1.79, 51,1,34,27,28
2017,30,11,5,478,5784,1000,5.8,21,14,311,320,518,3831,28,7,7.0,185,454,1953,17,4.3,97,107,922,29,190,45.3,9.5,Own 32.9,2:32,5.51,30.4,2.33, 51,1,34,27,28
2017,29,9,7,366,5286,1007,5.2,17,5,299,340,555,3657,34,12,6.1,183,409,1629,4,4.0,85,148,1342,31,197,30.5,8.6,Own 28.5,2:23,5.27,26.8,1.71, 51,1,34,27,28
2017,31,8,8,295,5026,1060,4.7,25,7,310,339,598,3640,21,18,5.6,200,410,1386,6,3.4,66,110,880,44,202,29.2,12.4,Own 29.7,2:28,5.4,24.9,1.41, 51,1,34,27,28
2017,32,6,10,331,5587,1058,5.3,23,8,321,362,607,3925,15,15,6.0,206,408,1662,15,4.1,88,123,988,27,184,37.5,12.0,Own 27.6,2:33,5.99,30.3,1.78, 51,1,34,27,28
2016,1,14,2,441,6180,1056,5.9,11,9,351,368,550,4308,32,2,7.5,203,482,1872,19,3.9,109,93,819,39,182,42.9,4.9,Own 30.9,2:45,6.02,33.9,2.41,50,13,24,26,10
2016,2,10,6,363,5324,913,5.8,23,8,278,316,477,3500,27,15,6.9,167,406,1824,14,4.5,90,125,1142,21,189,30.7,11.1,Own 29.6,2:27,4.96,28.0,1.81,50,13,24,26,10
2016,3,7,9,399,5666,1012,5.6,12,5,328,286,474,3036,17,7,5.8,155,492,2630,29,5.3,146,112,960,27,177,36.7,6.8,Own 28.9,2:42,5.91,31.8,2.14,50,13,24,26,10
2016,4,5,11,275,5268,1003,5.3,34,9,291,311,550,3466,16,25,5.9,166,418,1802,10,4.3,97,93,837,28,185,29.7,17.8,Own 27.5,2:39,5.6,28.5,1.5,50,13,24,26,10
2016,6,11,5,399,5962,1026,5.8,18,3,336,381,596,4202,33,15,6.8,210,409,1760,13,4.3,97,112,1068,29,182,38.5,9.9,Own 27.3,2:42,5.81,32.7,2.16,50,13,24,26,10
2016,7,8,8,343,5563,1079,5.2,23,7,316,439,679,4100,20,16,5.8,205,367,1463,10,4.0,79,125,1111,32,191,35.6,10.5,Own 28.9,2:35,5.85,29.1,1.7,50,13,24,26,10
2016,5,6,9,325,5711,1050,5.4,17,9,341,364,563,3942,18,8,6.5,204,446,1769,17,4.0,100,88,726,37,176,35.8,8.5,Own 26.8,2:45,6.15,32.4,1.87,50,13,24,26,10
2016,8,1,15,264,4976,983,5.1,25,11,296,338,567,3264,15,14,5.2,181,350,1712,13,4.9,83,95,736,32,180,27.2,13.3,Own 23.4,2:31,5.63,27.4,1.44,50,13,24,26,10
2016,12,9,7,279,5035,1071,4.7,24,8,305,347,583,3176,15,16,5.2,173,456,1859,8,4.1,102,87,868,30,185,31.4,11.4,Own 28.6,2:44,6.02,27.2,1.44,50,13,24,26,10
2016,11,9,7,381,5728,1008,5.7,18,7,322,307,504,3541,29,11,6.7,175,476,2187,16,4.6,115,110,1012,32,184,36.4,9.8,Own 28.2,2:39,5.63,31.0,2.07,50,13,24,26,10
2016,9,8,8,411,5830,1037,5.6,22,7,351,370,584,4202,32,15,6.7,220,409,1628,13,4.0,93,103,883,38,180,40.6,12.2,Own 28.3,2:45,5.94,32.3,2.24,50,13,24,26,10
2016,10,3,13,318,5359,1052,5.1,29,13,321,369,626,3728,24,16,5.6,207,392,1631,8,4.2,75,129,1187,39,191,31.4,13.6,Own 26.6,2:27,5.71,28.0,1.63,50,13,24,26,10
2016,14,12,4,389,5488,990,5.5,17,9,305,365,546,3740,19,8,6.5,197,412,1748,15,4.2,86,109,848,22,178,37.1,9.0,Own 30.5,2:45,5.79,30.7,1.9,50,13,24,26,10
2016,16,12,4,416,5973,1048,5.7,14,7,333,379,596,4051,29,7,6.6,198,434,1922,17,4.4,98,147,1247,37,194,38.7,7.2,Own 31.7,2:37,5.58,30.7,2.11,50,13,24,26,10
2016,13,9,7,333,5169,1020,5.1,25,14,290,339,570,3685,20,11,6.0,181,410,1484,11,3.6,76,119,985,33,198,30.3,11.6,Own 29.1,2:21,5.33,26.1,1.54,50,13,24,26,10
2016,15,5,11,410,5708,1014,5.6,35,14,340,349,580,4198,33,21,6.8,214,398,1510,10,3.8,90,107,780,36,181,38.1,18.2,Own 28.1,2:42,5.8,31.4,2.09,50,13,24,26,10
2016,19,13,3,421,6027,1010,6.0,15,9,358,325,483,3631,25,6,7.1,191,499,2396,24,4.8,142,105,879,25,173,43.9,8.7,Own 28.8,2:57,6.04,34.8,2.45,50,13,24,26,10
2016,17,11,5,310,5291,1018,5.2,27,11,289,377,598,3879,26,16,6.3,190,398,1412,6,3.5,73,88,857,26,193,27.5,13.0,Own 27.6,2:21,5.4,27.4,1.49,50,13,24,26,10
2016,18,8,7,396,6454,1009,6.4,21,9,345,407,607,4758,25,12,7.6,226,379,1696,17,4.5,89,110,909,30,175,43.4,11.4,Own 27.4,2:45,6.01,36.9,2.26,50,13,24,26,10
2016,20,7,9,367,5398,1080,5.0,20,6,333,380,609,3585,16,14,5.6,192,438,1813,16,4.1,114,113,945,27,178,37.6,11.2,Own 30.3,2:55,6.31,30.1,1.85,50,13,24,26,10
2016,24,10,6,432,5900,1029,5.7,17,9,349,403,620,4199,40,8,6.4,222,374,1701,11,4.5,91,100,827,36,176,43.8,9.1,Own 29.6,2:50,6.03,33.6,2.47,50,13,24,26,10
2016,23,9,7,346,5421,981,5.5,15,5,329,388,594,4111,24,10,6.5,217,350,1310,9,3.7,76,100,861,36,156,41.0,9.0,Own 25.7,3:05,6.51,34.8,2.08,50,13,24,26,10
2016,22,8,8,327,5041,1006,5.0,16,11,303,414,588,3836,20,5,6.1,209,380,1205,9,3.2,66,103,882,28,174,32.8,7.5,Own 31.2,2:49,5.96,28.9,1.67,50,13,24,26,10
2016,21,3,13,279,5704,967,5.9,31,12,324,347,559,3969,19,19,6.8,212,380,1735,10,4.6,93,110,967,19,172,27.3,17.4,Own 25.5,2:37,5.76,33.0,1.49,50,13,24,26,10
2016,27,11,5,540,6653,995,6.7,11,4,379,374,537,4725,38,7,8.2,239,421,1928,20,4.6,108,104,848,32,175,52.6,6.3,Own 29.3,2:47,5.89,38.0,2.9,50,13,24,26,10
2016,25,9,7,354,5542,1066,5.2,27,9,340,355,578,3926,29,18,6.4,220,453,1616,8,3.6,80,109,926,40,182,32.4,14.8,Own 28.4,2:43,6.02,30.3,1.79,50,13,24,26,10
2016,28,7,9,469,6816,1105,6.2,24,9,395,472,674,5074,38,15,7.2,265,404,1742,17,4.3,105,107,969,25,181,45.9,12.7,Own 27.4,2:44,6.28,37.8,2.59,50,13,24,26,10
2016,26,6,10,369,5499,1052,5.2,29,10,318,306,563,3685,21,19,6.2,194,453,1814,16,4.0,99,98,835,25,193,34.7,14.0,Own 30.4,2:33,5.64,28.5,1.81,50,13,24,26,10
2016,29,10,5,354,5715,1012,5.6,18,6,313,368,567,4124,23,12,6.8,203,403,1591,13,3.9,85,117,970,25,185,37.3,9.7,Own 29.5,2:36,5.64,30.8,1.9,50,13,24,26,10
2016,31,7,8,418,5868,1086,5.4,28,11,368,383,646,4136,28,17,6.0,229,399,1732,20,4.3,97,104,889,42,197,35.0,14.2,Own 29.7,2:31,5.66,29.5,2.03,50,13,24,26,10
2016,30,4,12,224,4203,960,4.4,29,9,245,312,536,2951,14,20,5.0,151,375,1252,9,3.3,68,126,1091,26,193,21.8,14.5,Own 27.4,2:26,5.11,21.7,1.13,50,13,24,26,10
2016,32,2,14,309,4930,996,4.9,25,15,287,287,491,2911,21,10,5.4,152,458,2019,15,4.4,116,99,831,19,197,27.4,10.7,Own 27.2,2:11,5.18,25.0,1.55,50,13,24,26,10
2015,1,12,4,465,5991,1050,5.7,14,7,348,404,629,4587,36,7,6.9,230,383,1404,14,3.7,87,96,860,31,192,43.2,5.7,Own 30.1,2:31,5.66,31.2,2.34, 49,1,28,29,24
2015,4,10,6,387,5925,1074,5.5,24,8,329,362,604,4057,33,16,6.5,210,448,1868,11,4.2,99,96,787,20,199,35.7,11.6,Own 29.2,2:31,5.56,29.6,1.95, 49,1,28,29,24
2015,3,8,8,379,5775,1016,5.7,19,10,297,295,465,3343,23,9,6.6,155,509,2432,19,4.8,122,143,1249,20,186,34.9,8.6,Own 26.7,2:42,5.61,31.0,1.95, 49,1,28,29,24
2015,2,6,10,310,5307,977,5.4,19,7,291,365,588,3811,24,12,6.0,194,344,1496,11,4.3,72,134,1090,25,187,25.7,9.6,Own 26.0,2:21,5.31,28.3,1.52, 49,1,28,29,24
2015,5,12,4,419,5728,1004,5.7,17,8,324,334,505,3923,31,9,7.3,191,467,1805,18,3.9,99,111,917,34,182,39.6,9.3,Own 30.1,2:45,5.67,31.2,2.26, 49,1,28,29,24
2015,6,10,6,423,6327,1011,6.3,28,7,331,391,590,4603,26,21,7.4,207,388,1724,16,4.4,91,94,868,33,190,40.5,13.7,Own 28.2,2:30,5.54,33.3,2.1, 49,1,28,29,24
2015,7,5,11,328,5749,1083,5.3,28,7,323,426,676,4271,21,21,6.1,211,383,1478,8,3.9,89,122,1153,23,186,33.3,14.0,Own 27.1,2:38,6.04,30.8,1.62, 49,1,28,29,24
2015,8,3,13,278,5311,1042,5.1,30,18,307,371,609,3782,20,12,5.7,192,380,1529,5,4.0,81,120,1083,34,178,29.8,15.2,Own 27.4,2:47,6.03,29.8,1.46, 49,1,28,29,24
2015,12,9,7,339,5564,1127,4.9,20,8,335,358,619,3833,29,12,5.9,210,472,1731,7,3.7,90,107,910,35,204,28.9,9.8,Own 25.5,2:25,5.66,27.3,1.57, 49,1,28,29,24
2015,9,8,8,333,5142,1052,4.9,30,11,311,355,619,3704,26,19,5.6,195,396,1438,6,3.6,77,108,931,39,194,29.4,14.4,Own 26.8,2:29,5.56,26.5,1.54, 49,1,28,29,24
2015,10,5,11,376,5581,1012,5.5,28,10,313,355,607,4108,35,18,6.2,215,354,1473,5,4.2,69,105,880,29,193,34.2,14.0,Own 27.2,2:19,5.4,28.6,1.85, 49,1,28,29,24
2015,11,3,13,299,4988,976,5.1,33,16,298,342,551,3503,25,17,5.8,195,371,1485,10,4.0,66,93,779,37,191,25.7,16.2,Own 27.0,2:29,5.19,26.1,1.5, 49,1,28,29,24
2015,13,12,4,355,5688,1056,5.4,31,8,314,368,606,3970,19,23,6.2,201,411,1718,13,4.2,85,115,1063,28,199,31.2,15.1,Own 25.9,2:27,5.48,28.6,1.58, 49,1,28,29,24
2015,14,11,5,405,5299,955,5.5,15,8,303,310,473,3255,20,7,6.3,155,436,2044,19,4.7,116,104,878,32,182,37.9,7.1,Own 31.3,2:43,5.45,29.1,1.99, 49,1,28,29,24
2015,16,7,9,359,5336,1008,5.3,24,10,300,373,605,3879,34,14,6.1,193,370,1457,7,3.9,74,139,1102,33,195,31.8,10.3,Own 29.4,2:25,5.3,27.3,1.79, 49,1,28,29,24
2015,15,4,12,320,5949,1100,5.4,24,11,344,442,667,4591,30,13,6.5,230,393,1358,4,3.5,79,117,942,35,178,33.7,12.4,Own 23.3,2:52,6.36,33.4,1.78, 49,1,28,29,24
2015,18,9,7,388,5661,1011,5.6,22,11,317,386,555,4095,30,11,7.0,208,429,1566,9,3.7,81,105,828,28,180,36.1,11.1,Own 27.0,2:49,5.78,31.5,1.95, 49,1,28,29,24
2015,20,7,9,377,5830,1102,5.3,31,13,339,405,623,4087,23,18,6.2,193,442,1743,15,3.9,110,104,819,36,203,29.1,15.3,Own 26.4,2:03,5.57,28.4,1.62, 49,1,28,29,24
2015,17,6,10,420,5956,1053,5.7,21,7,331,392,623,4347,36,14,6.7,208,403,1609,5,4.0,77,102,777,46,186,38.2,11.3,Own 28.0,2:27,5.83,32.0,2.03, 49,1,28,29,24
2015,19,4,12,275,5361,969,5.5,33,11,307,334,528,3471,16,22,6.2,175,408,1890,8,4.6,94,112,882,38,172,31.4,18.0,Own 24.5,2:54,5.82,31.1,1.5, 49,1,28,29,24
2015,22,11,5,365,5139,973,5.3,17,8,297,294,454,2928,14,9,5.9,153,474,2211,18,4.7,113,88,797,31,172,38.4,9.3,Own 30.2,2:50,5.88,29.9,1.9, 49,1,28,29,24
2015,24,10,6,368,5353,1056,5.1,17,9,317,348,573,3503,31,8,5.7,173,436,1850,8,4.2,100,105,906,44,192,33.3,8.9,Own 28.1,2:31,5.65,27.8,1.83, 49,1,28,29,24
2015,23,7,9,358,5547,1030,5.4,24,10,337,420,632,4212,33,14,6.2,236,354,1335,7,3.8,71,104,930,30,179,34.6,12.3,Own 25.6,2:49,5.89,31.0,1.93, 49,1,28,29,24
2015,21,6,10,335,5517,1025,5.4,21,9,312,334,523,3663,21,12,6.6,177,468,1854,13,4.0,108,99,909,27,179,37.4,11.2,Own 29.4,2:49,5.94,30.7,1.88, 49,1,28,29,24
2015,26,15,1,500,5871,1060,5.5,19,9,357,300,501,3589,35,10,6.7,197,526,2282,19,4.3,136,103,887,24,198,42.9,9.6,Own 30.7,2:35,5.54,29.9,2.4, 49,1,28,29,24
2015,27,8,8,339,5985,1073,5.6,30,13,359,410,621,4379,21,17,6.7,230,420,1606,13,3.8,95,100,969,34,174,34.5,17.2,Own 27.0,2:58,6.34,34.2,1.84, 49,1,28,29,24
2015,28,7,9,408,6461,1096,5.9,20,8,381,460,667,4970,32,12,7.1,247,397,1491,16,3.8,98,130,1112,36,182,36.3,10.4,Own 26.4,2:45,6.16,35.5,2.14, 49,1,28,29,24
2015,25,6,10,342,6014,1017,5.9,28,13,336,312,535,3852,22,15,6.9,201,455,2162,12,4.8,99,143,1195,36,176,35.8,14.8,Own 26.2,2:38,6.01,34.1,1.85, 49,1,28,29,24
2015,31,13,3,489,6533,1041,6.3,24,11,373,353,562,4616,35,13,7.8,237,452,1917,16,4.2,92,94,758,44,186,42.5,11.8,Own 27.8,2:45,5.77,35.1,2.37, 49,1,28,29,24
2015,29,10,6,423,6058,1035,5.9,16,8,335,333,489,3790,34,8,7.1,190,500,2268,10,4.5,128,117,1007,17,174,42.0,8.6,Own 29.2,2:58,6.13,34.6,2.27, 49,1,28,29,24
2015,30,7,9,280,4761,920,5.2,22,11,241,273,473,2805,11,11,5.7,126,429,1956,16,4.6,92,122,1057,23,196,24.5,10.2,Own 27.9,2:18,4.85,24.3,1.29, 49,1,28,29,24
2015,32,5,11,238,4860,969,5.0,17,5,261,322,526,3316,16,12,5.7,154,390,1544,7,4.0,83,113,823,24,182,25.8,8.2,Own 23.7,2:21,5.47,26.6,1.28, 49,1,28,29,24
2014,1,12,4,468,5848,1073,5.5,13,4,361,392,609,4121,34,9,6.5,228,438,1727,13,3.9,96,120,1080,37,181,45.3,7.2,Own 30.6,2:37,6.13,32.3,2.4, 48,29,43,13,8
2014,3,9,7,343,5096,1020,5.0,23,10,273,363,579,3614,23,13,5.8,186,402,1482,7,3.7,65,124,1031,22,197,32.5,11.2,Own 30.2,2:25,5.37,25.8,1.58, 48,29,43,13,8
2014,2,8,8,388,5601,1040,5.4,23,11,361,394,595,3729,27,12,5.8,226,399,1872,12,4.7,99,81,635,36,181,37.6,10.5,Own 31.1,2:40,5.95,30.9,1.99, 48,29,43,13,8
2014,4,4,12,283,5226,1052,5.0,24,9,289,287,498,2946,16,15,5.4,154,507,2280,11,4.5,112,109,932,23,186,31.7,11.8,Own 27.8,2:40,5.87,28.0,1.53, 48,29,43,13,8
2014,6,11,5,436,6577,1068,6.2,21,11,379,411,612,4825,33,10,7.5,243,423,1752,10,4.1,98,103,834,38,174,41.4,11.5,Own 25.7,2:59,6.32,37.5,2.23, 48,29,43,13,8
2014,5,10,5,365,5568,1018,5.5,26,9,313,323,503,3421,20,17,6.5,164,492,2147,19,4.4,122,102,812,27,191,34.0,13.1,Own 30.3,2:33,5.5,29.1,1.84, 48,29,43,13,8
2014,7,10,6,409,5838,1021,5.7,20,8,345,344,554,3819,27,12,6.7,194,448,2019,16,4.5,113,111,870,38,182,39.6,9.9,Own 28.7,2:36,5.8,32.0,2.13, 48,29,43,13,8
2014,8,7,9,299,5193,1010,5.1,23,7,294,274,502,3465,12,16,6.5,179,477,1728,17,3.6,88,116,932,27,193,28.0,10.9,Own 26.8,2:20,5.4,26.8,1.44, 48,29,43,13,8
2014,9,11,5,458,6506,1105,5.9,31,15,371,410,661,4894,42,16,7.1,251,415,1612,9,3.9,80,105,848,40,205,39.5,14.6,Own 28.7,2:29,5.54,31.6,2.18, 48,29,43,13,8
2014,12,9,7,372,5513,1062,5.2,22,9,313,295,485,3352,22,13,6.6,171,551,2161,12,3.9,108,94,834,34,194,33.0,11.3,Own 27.7,2:34,5.65,28.2,1.69, 48,29,43,13,8
2014,10,3,13,249,4634,988,4.7,26,8,271,325,557,3001,15,18,4.8,154,360,1633,9,4.5,86,73,573,31,195,22.6,12.8,Own 25.7,2:14,5.2,23.7,1.17, 48,29,43,13,8
2014,11,2,14,254,4859,919,5.3,26,10,258,299,513,3412,20,16,6.1,159,356,1447,6,4.1,75,111,961,24,191,23.6,12.6,Own 25.8,2:18,4.93,25.3,1.25, 48,29,43,13,8
2014,13,12,4,482,6446,1067,6.0,20,5,360,399,607,4661,40,15,7.5,227,443,1785,15,4.0,98,120,1045,35,198,39.9,9.6,Own 28.9,2:29,5.54,32.6,2.31, 48,29,43,13,8
2014,15,9,7,348,5465,1009,5.4,23,5,326,380,574,4098,31,18,6.7,214,398,1367,6,3.4,75,111,967,37,174,33.9,12.6,Own 26.4,2:51,5.95,31.3,1.87, 48,29,43,13,8
2014,14,9,7,353,5100,962,5.3,17,11,309,320,493,3182,18,6,5.9,184,420,1918,18,4.6,92,88,681,33,173,35.8,9.2,Own 29.3,2:46,5.73,29.4,1.93, 48,29,43,13,8
2014,16,3,13,253,4515,994,4.5,29,13,248,365,629,3275,22,16,5.0,173,337,1240,4,3.7,56,116,939,19,198,22.7,13.6,Own 24.2,2:17,5.13,22.6,1.21, 48,29,43,13,8
2014,19,12,4,467,6138,1014,6.1,25,14,342,328,476,3784,37,11,7.5,205,508,2354,16,4.6,106,105,839,31,179,43.6,12.8,Own 28.9,2:56,5.83,34.1,2.49, 48,29,43,13,8
2014,20,10,6,474,6348,1127,5.6,36,15,356,384,621,4356,27,21,6.7,218,474,1992,16,4.2,109,115,995,29,203,36.9,17.2,Own 30.0,2:06,5.73,31.1,1.96, 48,29,43,13,8
2014,17,6,10,380,5875,1086,5.4,28,14,336,383,607,4272,30,14,6.7,218,449,1603,13,3.6,83,101,896,35,193,34.7,12.4,Own 28.2,2:33,5.76,30.3,1.93, 48,29,43,13,8
2014,18,4,12,301,5738,1006,5.7,31,13,318,364,547,4047,18,18,6.7,186,401,1691,15,4.2,88,120,1130,44,192,29.7,15.6,Own 25.1,2:34,5.38,29.9,1.58, 48,29,43,13,8
2014,24,12,4,486,6178,1001,6.2,13,7,356,349,536,4261,38,6,7.5,222,435,1917,14,4.4,104,92,775,30,169,46.7,7.1,Own 28.5,2:53,6.12,36.5,2.63, 48,29,43,13,8
2014,23,11,5,321,5452,1045,5.2,20,8,310,365,604,4030,22,12,6.2,210,396,1422,11,3.6,72,118,989,28,179,32.4,9.5,Own 29.9,2:50,6.05,30.4,1.71, 48,29,43,13,8
2014,22,7,9,325,5048,981,5.1,20,2,288,322,517,3244,17,18,5.7,171,413,1804,12,4.4,90,100,836,27,176,31.8,10.8,Own 27.3,2:37,5.77,28.5,1.64, 48,29,43,13,8
2014,21,5,11,319,5233,1005,5.2,29,10,322,396,609,3792,30,19,5.8,194,355,1441,8,4.1,91,113,997,37,180,27.8,16.1,Own 25.9,2:41,5.67,29.0,1.68, 48,29,43,13,8
2014,26,7,8,339,5547,1060,5.2,23,11,347,327,545,3511,23,12,6.0,199,473,2036,10,4.3,117,83,756,31,178,34.8,11.8,Own 27.7,2:54,6.15,31.0,1.79, 48,29,43,13,8
2014,28,7,9,401,6582,1095,6.0,30,13,395,456,659,4764,33,17,6.9,258,406,1818,16,4.5,101,80,670,36,174,39.1,16.7,Own 25.5,2:49,6.42,37.7,2.3, 48,29,43,13,8
2014,27,6,10,381,6051,1035,5.8,23,8,330,418,632,4553,28,15,6.9,233,372,1498,11,4.0,75,97,840,22,175,38.9,13.1,Own 26.5,2:42,6.1,34.6,2.06, 48,29,43,13,8
2014,25,2,14,277,4672,936,5.0,33,13,263,301,531,3297,21,20,5.7,162,353,1375,7,3.9,72,118,939,29,180,26.7,17.2,Own 26.6,2:26,5.33,25.8,1.42, 48,29,43,13,8
2014,29,12,4,394,6012,1021,5.9,14,7,328,287,454,3250,20,7,6.6,160,525,2762,20,5.3,144,130,1009,24,175,40.6,6.9,Own 30.5,2:58,6.05,34.2,2.13, 48,29,43,13,8
2014,31,11,5,310,5116,993,5.2,17,5,302,320,568,3808,21,12,6.4,191,397,1308,6,3.3,67,91,707,44,181,30.9,9.4,Own 26.9,2:38,5.67,28.3,1.52, 48,29,43,13,8
2014,32,8,8,306,5239,1009,5.2,22,12,303,292,487,3063,20,10,5.7,165,470,2176,10,4.6,104,116,937,34,178,30.9,11.8,Own 27.8,2:51,5.84,29.4,1.6, 48,29,43,13,8
2014,30,6,10,324,5035,957,5.3,27,11,288,327,515,3400,20,16,6.0,189,395,1635,11,4.1,79,123,1139,20,186,29.6,14.0,Own 28.0,2:31,5.31,26.9,1.55, 48,29,43,13,8
2013,1,12,4,444,6152,1138,5.4,20,9,378,380,628,4087,25,11,6.1,225,470,2065,19,4.4,110,69,625,43,201,40.8,10.0,Own 30.0,2:25,5.87,30.6,2.1, 47,7,34,32,31
2013,4,8,8,290,5090,1020,5.0,29,7,280,266,480,2932,13,22,5.6,154,493,2158,12,4.4,105,108,837,21,196,29.6,14.8,Own 26.0,2:28,5.39,25.8,1.4, 47,7,34,32,31
2013,2,8,8,317,5007,1001,5.0,26,7,278,357,594,3567,24,19,5.5,205,349,1440,8,4.1,61,70,598,12,194,29.9,13.4,Own 27.9,2:22,5.34,25.6,1.56, 47,7,34,32,31
2013,3,6,10,339,5410,1116,4.8,27,12,301,299,522,3103,16,15,5.4,149,546,2307,15,4.2,113,110,954,39,214,29.9,12.1,Own 26.8,2:09,5.38,25.2,1.48, 47,7,34,32,31
2013,5,11,5,430,5891,1097,5.4,30,10,330,364,587,4136,33,20,6.7,205,481,1755,14,3.6,101,102,1000,24,201,32.3,14.9,Own 26.9,2:37,5.57,29.2,1.91, 47,7,34,32,31
2013,6,8,8,379,5400,1023,5.3,24,10,312,377,586,4017,28,14,6.4,207,394,1383,9,3.5,81,80,677,24,189,35.4,12.7,Own 29.8,2:37,5.58,28.6,1.85, 47,7,34,32,31
2013,7,8,8,320,4918,1090,4.5,29,6,295,363,619,3590,19,23,5.4,189,423,1328,7,3.1,68,112,942,38,207,30.9,13.5,Own 29.1,2:21,5.46,23.7,1.43, 47,7,34,32,31
2013,8,4,12,308,5423,1078,5.0,29,9,301,379,681,4040,26,20,5.5,200,348,1383,4,4.0,77,104,920,24,195,26.2,13.8,Own 26.4,2:21,5.66,27.8,1.4, 47,7,34,32,31
2013,9,11,5,391,5468,1023,5.3,14,4,318,350,582,3725,23,10,6.1,191,409,1743,15,4.3,88,66,576,39,188,38.8,6.9,Own 28.0,2:32,5.65,29.1,1.97, 47,7,34,32,31
2013,11,7,9,362,5390,1032,5.2,25,9,311,328,533,3496,22,16,6.1,172,462,1894,16,4.1,103,101,900,36,184,34.2,11.4,Own 27.9,2:38,5.77,29.1,1.85, 47,7,34,32,31
2013,10,4,12,247,4701,1020,4.6,27,6,271,349,592,3441,16,21,5.4,176,378,1260,7,3.3,71,96,797,24,195,23.6,13.8,Own 28.2,2:15,5.36,24.0,1.18, 47,7,34,32,31
2013,12,2,14,276,5556,1089,5.1,31,9,307,371,633,3813,19,22,5.6,198,414,1743,7,4.2,90,112,1138,19,201,25.9,14.9,Own 25.8,2:30,5.59,27.6,1.29, 47,7,34,32,31
2013,13,13,3,606,7317,1156,6.3,26,16,435,461,675,5444,55,10,7.8,293,461,1873,16,4.1,107,117,1000,35,202,47.5,10.4,Own 28.3,2:25,5.85,36.2,2.83, 47,7,34,32,31
2013,14,11,5,430,5396,1029,5.2,18,10,323,333,546,3340,24,8,5.7,179,442,2056,17,4.7,110,101,774,34,197,32.0,9.1,Own 33.4,2:31,5.37,27.3,1.79, 47,7,34,32,31
2013,15,9,7,396,6293,1060,5.9,21,10,373,378,544,4328,32,11,7.5,230,486,1965,9,4.0,104,95,765,39,167,44.9,11.4,Own 27.3,3:13,6.57,37.7,2.33, 47,7,34,32,31
2013,16,4,12,322,5340,1000,5.3,31,11,275,298,519,3340,17,20,5.9,168,437,2000,16,4.6,90,116,912,17,194,27.8,14.9,Own 26.5,2:28,5.31,27.4,1.52, 47,7,34,32,31
2013,20,10,6,442,6676,1054,6.3,19,10,355,310,508,4110,32,9,7.4,197,500,2566,19,5.1,133,95,846,25,201,36.8,9.0,Own 27.9,2:06,5.38,33.1,2.12, 47,7,34,32,31
2013,19,8,8,439,5458,957,5.7,20,8,325,375,586,3954,33,12,6.4,213,336,1504,12,4.5,80,102,867,32,183,39.9,9.8,Own 29.7,2:32,5.39,29.7,2.18, 47,7,34,32,31
2013,17,7,9,294,4920,988,5.0,44,15,280,325,567,3588,18,29,5.9,176,381,1332,11,3.5,77,91,786,27,204,25.5,20.1,Own 27.1,2:18,4.97,23.9,1.33, 47,7,34,32,31
2013,18,3,13,334,5915,1107,5.3,34,15,329,355,611,3751,20,19,5.7,198,453,2164,14,4.8,112,99,802,19,199,27.6,16.6,Own 25.3,2:29,5.69,29.5,1.51, 47,7,34,32,31
2013,24,8,7,417,6404,1074,6.0,25,9,351,366,570,4268,25,16,6.9,201,459,2136,17,4.7,119,86,801,31,186,40.9,12.4,Own 28.2,2:39,5.97,34.5,2.15, 47,7,34,32,31
2013,21,8,8,445,6109,1013,6.0,23,10,344,373,579,4281,32,13,7.0,215,404,1828,13,4.5,102,85,708,27,182,39.0,12.1,Own 28.5,2:44,5.73,33.5,2.16, 47,7,34,32,31
2013,23,7,9,395,6274,1102,5.7,34,15,350,371,634,4482,29,19,6.8,221,445,1792,15,4.0,106,110,925,23,196,32.1,17.3,Own 27.1,2:38,5.74,31.8,1.86, 47,7,34,32,31
2013,22,5,10,391,5508,1013,5.4,32,13,309,325,546,3427,18,19,5.8,173,423,2081,23,4.9,106,70,695,30,195,34.4,14.9,Own 28.1,2:20,5.35,28.3,1.87, 47,7,34,32,31
2013,26,12,4,366,5069,999,5.1,19,6,319,292,473,3043,24,13,5.9,169,483,2026,14,4.2,122,80,671,28,170,36.5,9.4,Own 29.4,3:00,6.04,29.8,1.99, 47,7,34,32,31
2013,28,11,5,414,6391,1079,5.9,19,7,359,446,651,4918,39,12,7.1,244,391,1473,10,3.8,87,95,817,28,181,40.3,8.3,Own 27.8,2:53,6.14,35.3,2.29, 47,7,34,32,31
2013,27,4,12,353,5490,1024,5.4,28,11,330,445,659,4243,26,17,6.0,227,321,1247,11,3.9,64,91,788,39,179,34.1,14.5,Own 26.2,2:43,5.87,30.7,1.85, 47,7,34,32,31
2013,25,4,12,288,4432,981,4.5,21,9,269,291,514,2820,22,12,5.0,157,420,1612,6,3.8,75,121,1136,37,188,27.1,9.6,Own 26.8,2:31,5.37,23.4,1.41, 47,7,34,32,31
2013,29,13,3,417,5424,973,5.6,19,10,307,267,420,3236,27,9,7.0,160,509,2188,14,4.3,116,128,1183,31,182,40.7,9.3,Own 31.0,2:41,5.54,29.7,2.12, 47,7,34,32,31
2013,32,12,4,406,5180,961,5.4,18,10,286,244,417,2979,21,8,6.5,148,505,2201,18,4.4,115,103,845,23,188,37.8,9.0,Own 31.6,2:36,5.3,27.5,1.96, 47,7,34,32,31
2013,31,10,6,379,5542,1037,5.3,31,9,329,363,574,4002,24,22,6.5,205,422,1540,12,3.6,84,96,744,40,200,33.0,15.5,Own 28.9,2:29,5.37,27.7,1.71, 47,7,34,32,31
2013,30,7,9,348,4877,968,5.0,21,10,282,301,506,3125,22,11,5.8,165,426,1752,10,4.1,82,123,1009,35,184,31.5,11.4,Own 26.3,2:32,5.41,26.5,1.64, 47,7,34,32,31
2012,1,12,4,557,6846,1191,5.7,16,7,444,402,641,4662,34,9,7.0,256,523,2184,25,4.2,151,97,840,37,185,48.1,8.1,Own 28.4,2:40,6.63,37.0,2.74, 46,17,21,1,17
2012,2,7,9,288,4984,981,5.1,26,13,288,293,504,3182,13,13,5.9,158,440,1802,15,4.1,93,82,724,37,186,27.4,12.9,Own 25.3,2:30,5.44,26.8,1.42, 46,17,21,1,17
2012,4,6,10,281,4787,1034,4.6,37,18,299,272,493,2891,14,19,5.4,162,494,1896,12,3.8,102,83,708,35,194,24.2,17.5,Own 27.8,2:31,5.47,24.6,1.26, 46,17,21,1,17
2012,3,6,10,344,5486,983,5.6,34,17,301,309,511,3269,24,17,6.0,176,442,2217,12,5.0,103,104,871,22,190,30.0,17.4,Own 27.3,2:32,5.3,28.8,1.66, 46,17,21,1,17
2012,7,10,6,398,5640,1042,5.4,16,5,314,334,560,3739,22,11,6.3,182,444,1901,17,4.3,98,121,1127,34,193,35.8,7.8,Own 27.0,2:22,5.57,29.2,1.88, 46,17,21,1,17
2012,5,10,6,391,5323,1016,5.2,26,10,292,335,540,3578,28,16,6.1,173,430,1745,11,4.1,95,99,857,24,195,35.4,12.8,Own 31.2,2:30,5.39,27.2,1.86, 46,17,21,1,17
2012,6,8,8,336,5324,1023,5.2,30,16,307,354,574,3787,27,14,6.2,202,412,1537,8,3.7,80,92,938,25,186,33.9,15.6,Own 26.8,2:46,5.67,28.6,1.77, 46,17,21,1,17
2012,8,5,11,302,5028,998,5.0,26,8,279,328,566,3435,16,18,5.7,185,396,1593,12,4.0,71,113,1005,23,191,29.8,12.0,Own 29.0,2:22,5.39,26.2,1.48, 46,17,21,1,17
2012,12,12,4,416,5953,1090,5.5,17,4,341,354,554,3830,22,13,6.6,205,508,2123,19,4.2,114,108,873,22,202,35.6,8.4,Own 27.0,2:40,5.58,29.5,1.88, 46,17,21,1,17
2012,9,11,5,357,5799,1109,5.2,27,9,360,339,628,4128,23,18,6.2,208,440,1671,11,3.8,110,94,801,42,180,33.3,13.9,Own 24.8,2:44,6.34,32.2,1.76, 46,17,21,1,17
2012,11,6,10,330,5010,957,5.2,28,12,260,318,540,3323,17,16,5.7,166,378,1687,10,4.5,70,106,847,24,188,27.7,14.9,Own 25.4,2:21,5.26,26.6,1.4, 46,17,21,1,17
2012,10,2,14,255,4788,994,4.8,26,9,269,328,586,3419,20,17,5.4,157,358,1369,5,3.8,76,101,955,36,196,25.5,12.8,Own 26.6,2:17,5.21,24.4,1.28, 46,17,21,1,17
2012,13,13,3,481,6366,1090,5.8,25,14,380,402,588,4534,37,11,7.4,232,481,1832,12,3.8,112,100,805,36,188,39.9,12.2,Own 29.1,2:40,5.97,33.9,2.24, 46,17,21,1,17
2012,15,7,9,350,4756,988,4.8,26,11,293,338,528,3295,26,15,5.7,184,411,1461,4,3.6,81,103,796,28,180,30.6,13.9,Own 28.9,2:49,5.64,26.4,1.58, 46,17,21,1,17
2012,16,4,12,290,5504,1032,5.3,26,10,300,376,629,4084,24,16,6.2,200,376,1420,4,3.8,72,108,939,28,188,31.4,12.8,Own 26.0,2:31,5.67,29.0,1.54, 46,17,21,1,17
2012,14,2,14,211,5108,1015,5.0,37,17,286,273,475,2713,8,20,5.3,144,500,2395,9,4.8,118,92,733,24,186,24.2,18.8,Own 26.4,2:37,5.64,27.4,1.09, 46,17,21,1,17
2012,18,10,6,436,6131,994,6.2,14,6,341,291,442,3422,24,8,7.2,171,519,2709,22,5.2,144,116,985,26,183,39.3,7.7,Own 27.5,2:44,5.6,33.6,2.23, 46,17,21,1,17
2012,17,9,7,429,5687,968,5.9,21,6,327,323,539,3825,26,15,6.8,187,409,1862,18,4.6,103,72,578,37,176,43.8,11.9,Own 31.4,2:39,5.72,32.3,2.31, 46,17,21,1,17
2012,19,8,8,376,5994,1049,5.7,29,10,338,434,658,4729,29,19,6.8,237,355,1265,8,3.6,76,117,853,25,180,36.7,15.0,Own 27.2,2:45,6.0,33.2,1.92, 46,17,21,1,17
2012,20,4,12,280,5665,1079,5.3,37,22,332,367,618,3791,18,15,5.7,190,413,1874,10,4.5,111,98,813,31,184,29.9,17.9,Own 25.6,2:35,6.03,30.4,1.51, 46,17,21,1,17
2012,24,11,5,433,5751,1042,5.5,16,8,341,374,558,4049,40,8,6.6,213,433,1702,9,3.9,85,103,923,43,186,37.6,8.1,Own 31.2,2:37,5.78,30.9,2.18, 46,17,21,1,17
2012,22,10,6,379,5385,1001,5.4,23,11,306,300,483,2751,18,12,5.3,163,486,2634,16,5.4,113,90,830,30,182,37.9,12.6,Own 27.4,2:32,5.71,29.5,1.88, 46,17,21,1,17
2012,21,10,6,375,4969,999,5.0,24,8,292,287,485,2999,21,16,5.7,163,470,1970,11,4.2,99,102,811,30,195,30.3,11.8,Own 31.1,2:37,5.29,25.4,1.56, 46,17,21,1,17
2012,23,4,12,372,6540,1160,5.6,33,16,382,445,740,4927,22,17,6.4,272,391,1613,17,4.1,84,103,944,26,197,36.0,15.2,Own 25.1,2:36,6.07,33.2,1.87, 46,17,21,1,17
2012,27,13,3,419,5906,1021,5.8,18,4,343,422,615,4509,32,14,7.0,247,378,1397,12,3.7,70,55,415,26,175,44.0,10.3,Own 29.0,2:49,6.05,33.7,2.33, 46,17,21,1,17
2012,26,7,9,357,5771,988,5.8,22,10,328,284,490,3683,19,12,7.0,171,462,2088,21,4.5,123,98,835,34,175,32.6,10.3,Own 25.8,2:44,5.77,32.9,1.91, 46,17,21,1,17
2012,28,7,9,461,6574,1067,6.2,24,5,352,423,671,4997,43,19,7.2,267,370,1577,10,4.3,64,104,911,21,190,37.4,12.1,Own 24.2,2:26,5.73,34.7,2.24, 46,17,21,1,17
2012,25,7,9,389,5820,1008,5.8,23,6,301,311,566,3983,27,17,6.7,188,416,1837,13,4.4,89,101,819,24,193,35.2,10.9,Own 29.0,2:31,5.39,30.1,1.89, 46,17,21,1,17
2012,32,11,4,397,5789,969,6.0,16,8,322,289,436,3298,23,8,6.9,172,492,2491,17,5.1,128,109,960,22,178,39.3,7.9,Own 31.8,2:51,5.68,32.5,2.1, 46,17,21,1,17
2012,29,11,5,412,5610,974,5.8,18,8,311,259,405,3031,27,10,6.9,153,536,2579,16,4.8,129,110,890,29,170,39.4,10.0,Own 29.4,3:00,5.89,32.9,2.19, 46,17,21,1,17
2012,30,7,8,299,5264,1002,5.3,22,8,287,332,557,3550,22,14,6.0,189,410,1714,5,4.2,79,130,978,19,182,27.5,11.0,Own 24.4,2:37,5.68,28.9,1.42, 46,17,21,1,17
2012,31,5,11,250,4209,1018,4.1,34,13,246,337,608,3005,11,21,4.5,168,352,1204,10,3.4,58,102,857,20,209,22.0,14.8,Own 30.4,2:15,5.0,20.1,1.06, 46,17,21,1,17
2011,1,13,3,513,6848,1082,6.3,17,5,399,402,612,5084,39,12,7.9,262,438,1764,18,4.0,107,87,815,30,180,47.2,8.3,Own 29.3,2:33,6.19,37.9,2.68, 45,24,31,6,25
2011,4,8,8,377,4989,1030,4.8,34,16,301,310,547,3297,26,18,5.6,173,443,1692,14,3.8,92,102,849,36,203,29.6,13.8,Own 30.9,2:26,5.2,24.4,1.69, 45,24,31,6,25
2011,2,6,10,329,5078,990,5.1,25,12,287,280,469,3091,20,13,5.9,166,469,1987,11,4.2,89,85,779,32,195,32.8,12.8,Own 29.5,2:31,5.28,25.9,1.62, 45,24,31,6,25
2011,3,6,10,372,5624,992,5.7,30,5,313,356,578,3703,24,25,6.2,180,391,1921,12,4.9,100,86,743,33,189,31.2,15.9,Own 26.2,2:33,5.41,29.8,1.7, 45,24,31,6,25
2011,7,12,4,378,5419,1036,5.2,24,12,312,314,544,3423,21,12,5.9,181,459,1996,15,4.3,98,92,742,33,186,35.5,11.8,Own 28.9,2:38,5.78,29.1,1.84, 45,24,31,6,25
2011,6,12,4,325,5957,1015,5.9,28,13,341,341,539,4054,21,15,7.0,221,434,1903,13,4.4,96,101,854,24,168,33.9,16.7,Own 26.8,3:06,6.23,35.4,1.83, 45,24,31,6,25
2011,5,9,7,344,5118,1015,5.0,22,8,285,308,535,3340,21,14,6.0,160,455,1778,10,3.9,93,99,874,32,197,32.5,9.6,Own 30.1,2:28,5.35,26.0,1.6, 45,24,31,6,25
2011,8,4,12,218,4621,1024,4.5,19,6,278,320,570,3090,16,13,5.1,173,415,1531,4,3.7,77,95,847,28,180,24.4,10.0,Own 27.1,2:36,5.85,25.6,1.18, 45,24,31,6,25
2011,12,10,6,381,5954,1046,5.7,20,11,321,288,467,3506,20,9,7.0,176,546,2448,18,4.5,131,99,852,14,191,37.2,10.5,Own 30.3,2:44,5.68,31.1,1.93, 45,24,31,6,25
2011,11,9,7,325,5361,984,5.4,22,8,281,353,584,3923,22,14,6.5,185,376,1438,8,3.8,71,104,960,25,188,31.4,11.7,Own 27.4,2:22,5.4,28.5,1.58, 45,24,31,6,25
2011,10,5,11,243,4149,1002,4.1,23,8,251,240,469,2179,12,15,4.2,122,489,1970,9,4.0,103,77,680,26,194,22.7,11.3,Own 28.8,2:29,5.29,20.8,1.11, 45,24,31,6,25
2011,9,2,14,243,4589,951,4.8,29,15,258,302,534,2995,14,14,5.3,170,382,1594,8,4.2,69,76,549,19,186,24.2,15.6,Own 23.5,2:15,5.26,24.6,1.2, 45,24,31,6,25
2011,13,8,8,309,5066,1017,5.0,30,17,286,217,429,2434,20,13,5.2,130,546,2632,11,4.8,129,101,843,27,204,24.5,14.2,Own 26.7,2:20,5.11,24.8,1.34, 45,24,31,6,25
2011,15,8,8,406,6290,1048,6.0,28,8,359,366,582,4426,27,20,7.2,234,436,1864,16,4.3,97,91,753,28,172,41.3,16.3,Own 27.9,3:01,6.3,36.6,2.24, 45,24,31,6,25
2011,16,8,8,359,6072,1015,6.0,30,7,328,315,524,3962,20,23,7.2,186,466,2110,16,4.5,110,163,1358,32,193,34.7,15.5,Own 27.2,2:29,5.44,31.4,1.79, 45,24,31,6,25
2011,14,7,9,212,4973,1021,4.9,28,10,277,299,500,3080,13,18,5.8,163,487,1893,5,3.9,89,110,916,25,189,22.2,12.7,Own 24.6,2:30,5.56,26.3,1.05, 45,24,31,6,25
2011,17,9,7,394,6161,1028,6.0,24,8,331,359,589,4734,29,16,7.7,216,411,1427,17,3.5,84,94,795,31,200,32.5,11.5,Own 26.4,2:22,5.26,30.7,1.9, 45,24,31,6,25
2011,20,8,8,396,6386,1036,6.2,38,13,356,330,554,4110,22,25,7.0,197,450,2276,20,5.1,134,107,853,25,190,34.7,17.9,Own 28.7,2:38,5.59,33.7,1.93, 45,24,31,6,25
2011,19,8,8,369,6008,1017,5.9,21,9,327,376,570,4201,33,12,6.9,219,408,1807,5,4.4,91,114,816,17,185,37.8,11.4,Own 29.0,2:43,5.7,32.4,1.96, 45,24,31,6,25
2011,18,5,11,288,5387,1032,5.2,35,11,312,346,591,3773,19,24,6.0,204,400,1614,8,4.0,79,91,897,29,188,30.9,18.6,Own 29.1,2:35,5.71,28.6,1.5, 45,24,31,6,25
2011,24,15,1,560,6482,988,6.6,14,6,353,376,552,4924,51,8,8.3,230,395,1558,12,3.9,89,76,591,34,180,48.3,6.1,Own 30.8,2:42,5.64,36.0,2.85, 45,24,31,6,25
2011,23,10,6,474,6337,1058,6.0,23,7,349,423,666,4814,41,16,6.9,244,356,1523,9,4.3,71,128,1075,34,197,37.6,10.7,Own 28.7,2:27,5.52,32.2,2.14, 45,24,31,6,25
2011,21,8,8,353,5026,978,5.1,29,9,271,268,473,3011,18,20,5.8,153,456,2015,10,4.4,97,104,800,21,199,28.6,14.6,Own 27.0,2:27,5.08,25.2,1.44, 45,24,31,6,25
2011,22,3,13,340,5275,1007,5.2,26,9,297,286,510,2957,20,17,5.3,159,448,2318,18,5.2,118,109,908,20,189,31.7,13.2,Own 29.1,2:26,5.48,27.9,1.76, 45,24,31,6,25
2011,28,13,3,547,7474,1117,6.7,19,5,416,472,662,5347,46,14,7.8,280,431,2127,16,4.9,116,99,851,20,175,51.4,10.9,Own 28.2,2:55,6.58,42.6,2.96, 45,24,31,6,25
2011,27,10,6,402,6026,1073,5.6,21,8,349,365,594,4192,29,13,6.8,215,453,1834,14,4.0,100,93,769,34,187,37.4,10.7,Own 28.5,2:46,5.89,32.2,2.04, 45,24,31,6,25
2011,26,6,10,406,6237,999,6.2,23,6,345,312,519,3829,21,17,6.9,175,445,2408,26,5.4,139,113,1013,31,179,38.5,12.8,Own 27.9,2:42,5.74,34.8,2.21, 45,24,31,6,25
2011,25,4,12,287,5108,966,5.3,40,16,277,365,588,3650,17,24,5.9,180,346,1458,9,4.2,74,123,1007,23,181,28.7,20.4,Own 27.0,2:34,5.49,28.0,1.44, 45,24,31,6,25
2011,32,13,3,380,4974,993,5.0,10,5,282,277,451,2930,18,5,5.9,150,498,2044,14,4.1,101,113,1014,31,192,39.6,5.2,Own 33.5,2:41,5.44,25.9,1.85, 45,24,31,6,25
2011,31,8,8,312,5192,993,5.2,32,9,286,307,550,3567,21,23,5.9,175,389,1625,12,4.2,83,106,1004,28,199,26.1,15.6,Own 25.6,2:18,5.11,26.0,1.45, 45,24,31,6,25
2011,29,7,9,321,4861,1003,4.8,23,9,265,299,509,3105,15,14,5.6,153,444,1756,15,4.0,89,138,1047,23,198,27.8,11.6,Own 31.3,2:18,5.22,24.4,1.44, 45,24,31,6,25
2011,30,2,14,193,4537,1013,4.5,23,13,267,292,549,2870,9,10,4.8,159,409,1667,7,4.1,79,112,899,29,196,18.9,11.2,Own 26.4,2:18,5.31,23.0,0.89, 45,24,31,6,25
2010,1,14,2,518,5820,986,5.9,10,5,335,331,507,3847,37,5,7.2,196,454,1973,19,4.3,119,83,766,20,166,47.0,5.4,Own 32.1,2:50,6.09,35.0,2.76, 44,28,31,9,17
2010,4,11,5,367,5616,1087,5.2,21,7,307,288,525,3242,20,14,5.9,171,534,2374,14,4.4,118,103,934,18,199,32.2,10.6,Own 32.8,2:37,5.66,28.2,1.65, 44,28,31,9,17
2010,2,7,9,273,5170,1040,5.0,31,10,300,335,557,3527,17,21,5.9,189,445,1643,8,3.7,91,72,595,20,185,29.7,15.7,Own 28.6,2:40,5.84,27.7,1.43, 44,28,31,9,17
2010,3,4,12,283,4878,954,5.1,39,18,263,296,519,3158,24,21,5.7,166,401,1720,6,4.3,82,82,633,15,182,25.3,19.2,Own 29.2,2:31,5.36,26.8,1.42, 44,28,31,9,17
2010,6,12,4,375,5525,993,5.6,18,9,295,298,479,3601,22,9,6.9,175,471,1924,15,4.1,106,100,903,14,179,36.9,9.5,Own 31.5,2:54,5.76,30.8,1.93, 44,28,31,9,17
2010,7,12,4,357,5166,1018,5.1,20,10,303,308,491,3335,25,10,6.3,175,487,1831,11,3.8,97,90,673,31,189,32.8,9.5,Own 29.8,2:39,5.54,27.2,1.75, 44,28,31,9,17
2010,8,5,11,271,4635,927,5.0,29,11,265,296,478,2989,13,18,5.8,154,413,1646,13,4.0,87,78,675,24,177,27.7,15.8,Own 29.8,2:34,5.4,26.1,1.42, 44,28,31,9,17
2010,5,4,12,322,5289,1046,5.1,34,14,317,365,590,3767,26,20,6.1,206,428,1522,8,3.6,85,90,725,26,190,30.5,16.3,Own 31.2,2:38,5.67,27.9,1.63, 44,28,31,9,17
2010,9,10,6,435,6092,1088,5.6,25,8,366,450,679,4609,33,17,6.6,253,393,1483,13,3.8,87,79,709,26,179,40.2,13.4,Own 27.5,2:40,6.23,34.0,2.23, 44,28,31,9,17
2010,10,8,8,353,5460,1019,5.4,33,12,330,291,469,3065,26,21,6.0,161,512,2395,14,4.7,148,83,675,21,177,35.0,16.9,Own 30.2,2:53,5.92,30.7,1.95, 44,28,31,9,17
2010,12,6,10,390,6186,1029,6.0,18,6,360,365,574,4144,24,12,6.8,222,423,2042,20,4.8,118,90,690,20,179,39.7,10.1,Own 25.6,2:38,5.92,34.5,2.17, 44,28,31,9,17
2010,11,6,10,356,4834,907,5.3,29,14,252,273,474,3107,24,15,6.2,155,406,1727,13,4.3,73,128,1040,24,184,33.2,14.7,Own 31.5,2:16,5.07,26.0,1.8, 44,28,31,9,17
2010,14,10,6,366,5595,1063,5.3,14,6,319,274,475,2968,27,8,5.9,167,556,2627,13,4.7,129,90,771,23,192,31.3,6.8,Own 30.5,2:38,5.67,29.1,1.77, 44,28,31,9,17
2010,15,9,7,441,6329,1039,6.1,29,16,357,359,544,4519,30,13,7.8,236,457,1810,18,4.0,94,84,677,27,186,40.3,14.5,Own 28.6,2:51,5.76,33.9,2.24, 44,28,31,9,17
2010,16,8,8,410,5674,1039,5.5,26,10,306,279,491,3180,18,16,5.9,159,504,2494,19,4.9,113,148,1276,34,203,34.5,11.8,Own 28.8,2:27,5.32,27.9,1.76, 44,28,31,9,17
2010,13,4,12,344,5582,1018,5.5,27,15,309,334,580,4038,25,12,6.5,204,398,1544,13,3.9,81,98,944,24,196,30.6,11.7,Own 27.5,2:18,5.32,28.4,1.69, 44,28,31,9,17
2010,20,10,6,439,6230,1038,6.0,25,12,322,348,561,3906,28,13,6.4,189,428,2324,18,5.4,116,129,1101,17,196,39.8,11.7,Own 31.6,2:33,5.49,31.8,2.13, 44,28,31,9,17
2010,17,10,6,394,6085,1035,5.9,42,17,331,339,539,3885,31,25,7.0,192,480,2200,17,4.6,112,92,777,27,207,32.4,20.3,Own 31.0,2:31,5.11,29.3,1.9, 44,28,31,9,17
2010,19,6,10,394,5828,1035,5.6,30,11,327,379,576,4042,29,19,6.7,201,428,1786,10,4.2,104,109,863,22,182,34.6,14.8,Own 28.8,2:46,5.86,31.8,1.9, 44,28,31,9,17
2010,18,6,10,302,5392,1002,5.4,31,12,295,349,605,3931,21,19,6.0,194,351,1461,9,4.2,72,90,647,29,205,26.3,14.6,Own 28.8,2:15,5.06,26.0,1.38, 44,28,31,9,17
2010,21,11,5,334,4631,936,4.9,31,10,263,276,466,3015,23,21,5.8,163,414,1616,10,3.9,76,91,768,24,198,29.3,15.7,Own 33.7,2:23,4.88,23.4,1.55, 44,28,31,9,17
2010,24,10,6,388,5730,1000,5.7,22,9,312,352,541,4124,31,13,7.1,204,421,1606,11,3.8,88,78,617,20,183,35.0,10.9,Own 29.8,2:48,5.62,31.3,1.97, 44,28,31,9,17
2010,23,6,10,362,5423,1064,5.1,25,9,304,383,633,3810,26,16,5.8,199,404,1613,11,4.0,83,136,1018,22,193,32.1,12.4,Own 29.3,2:28,5.67,28.1,1.73, 44,28,31,9,17
2010,22,6,10,281,5039,982,5.1,37,11,289,305,505,3097,14,26,5.7,159,441,1942,16,4.4,104,100,769,26,189,24.9,19.0,Own 30.2,2:34,5.29,26.4,1.38, 44,28,31,9,17
2010,27,13,3,414,5458,1097,5.0,17,8,353,361,577,3567,28,9,5.9,200,497,1891,14,3.8,111,58,598,42,178,39.3,9.0,Own 31.1,2:57,6.34,30.7,2.12, 44,28,31,9,17
2010,28,11,5,384,5960,1067,5.6,31,9,351,450,661,4441,33,22,6.5,236,380,1519,9,4.0,94,90,884,21,174,38.5,16.7,Own 29.2,2:57,6.31,34.2,2.12, 44,28,31,9,17
2010,25,10,6,341,5362,955,5.6,19,13,288,306,494,3361,26,6,6.4,172,431,2001,9,4.6,97,100,837,19,172,33.7,9.3,Own 28.9,2:52,5.72,31.2,1.83, 44,28,31,9,17
2010,26,2,14,196,4135,962,4.3,37,16,225,256,484,2289,9,21,4.3,125,428,1846,7,4.3,78,106,918,22,197,20.8,17.8,Own 28.7,2:14,5.03,20.7,0.95, 44,28,31,9,17
2010,29,7,9,310,4765,964,4.9,31,11,260,324,544,3341,14,20,5.8,159,385,1424,13,3.7,81,101,890,20,196,26.5,14.8,Own 30.8,2:15,5.07,24.2,1.35, 44,28,31,9,17
2010,30,7,9,289,4846,1053,4.6,21,6,292,354,590,3268,18,15,5.2,179,429,1578,9,3.7,84,102,877,29,199,30.2,9.5,Own 30.9,2:30,5.49,24.3,1.45, 44,28,31,9,17
2010,32,6,10,305,5013,945,5.3,23,8,251,282,500,3356,19,15,6.2,149,401,1657,10,4.1,85,112,933,17,190,26.8,11.1,Own 28.5,2:25,5.12,26.2,1.42, 44,28,31,9,17
2010,31,5,11,289,4309,931,4.6,35,16,241,285,561,2921,10,19,4.8,154,320,1388,9,4.3,67,108,870,20,190,23.7,15.8,Own 29.7,2:13,5.04,22.7,1.15, 44,28,31,9,17
2009,1,10,6,427,6357,1076,5.9,22,9,373,390,592,4436,28,13,7.3,222,466,1921,19,4.1,114,81,743,37,178,41.0,12.4,Own 30.0,2:58,6.22,35.7,2.29, 43,6,27,31,23
2009,4,9,7,348,5136,1030,5.0,30,9,280,210,393,2380,12,21,5.6,131,607,2756,21,4.5,132,88,677,17,198,31.8,15.2,Own 32.4,2:36,5.38,25.9,1.62, 43,6,27,31,23
2009,2,7,9,360,5401,1088,5.0,29,10,333,331,545,3170,15,19,5.5,188,509,2231,22,4.4,129,78,640,16,181,34.3,15.5,Own 28.4,2:50,6.17,29.7,1.85, 43,6,27,31,23
2009,3,6,10,258,4382,911,4.8,30,11,233,256,441,2515,17,19,5.2,126,424,1867,6,4.4,81,107,855,26,188,27.1,13.8,Own 30.3,2:24,5.02,23.3,1.3, 43,6,27,31,23
2009,5,10,6,305,4946,1011,4.9,25,12,295,286,477,2890,21,13,5.7,159,505,2056,9,4.1,109,114,863,27,177,29.9,13.0,Own 29.7,2:56,5.87,27.8,1.58, 43,6,27,31,23
2009,7,9,7,391,5619,1014,5.5,22,9,320,321,510,3419,21,13,6.3,187,468,2200,22,4.7,115,115,1094,18,183,35.0,10.9,Own 31.8,2:35,5.7,30.7,1.99, 43,6,27,31,23
2009,6,9,7,368,5941,1014,5.9,25,11,331,351,536,4148,28,14,7.1,210,428,1793,10,4.2,96,85,769,25,183,35.5,12.6,Own 29.5,2:52,5.71,32.4,1.9, 43,6,27,31,23
2009,8,5,11,245,4163,971,4.3,31,13,237,219,443,2076,11,18,4.4,118,498,2087,10,4.2,102,77,678,17,189,23.3,16.4,Own 30.5,2:27,5.27,21.9,1.14, 43,6,27,31,23
2009,9,14,2,416,5809,980,5.9,24,5,339,402,601,4515,34,19,7.4,241,366,1294,16,3.5,69,74,546,29,174,37.9,13.2,Own 28.0,2:33,5.75,33.4,2.29, 43,6,27,31,23
2009,12,9,7,388,6129,1043,5.9,28,11,340,399,593,4654,29,17,7.5,231,425,1475,13,3.5,93,95,833,16,187,33.7,15.0,Own 30.2,2:44,5.75,32.8,1.91, 43,6,27,31,23
2009,11,8,8,354,5623,990,5.7,31,16,288,271,476,3031,16,15,6.2,154,499,2592,19,5.2,115,98,821,19,187,33.2,15.0,Own 27.1,2:27,5.47,29.9,1.74, 43,6,27,31,23
2009,10,7,9,290,5385,1010,5.3,23,13,300,315,519,3356,15,10,6.0,170,447,2029,19,4.5,114,70,542,16,176,29.5,12.5,Own 28.5,2:46,5.9,30.6,1.66, 43,6,27,31,23
2009,15,13,3,454,5761,972,5.9,17,7,330,338,519,4338,29,10,8.0,222,427,1423,17,3.3,80,78,570,28,170,45.9,9.4,Own 30.8,2:49,5.92,33.9,2.46, 43,6,27,31,23
2009,13,8,8,326,5463,1032,5.3,23,10,306,341,558,3627,21,13,6.1,186,440,1836,9,4.2,95,93,800,25,189,31.7,11.6,Own 29.0,2:33,5.65,28.9,1.59, 43,6,27,31,23
2009,16,5,11,197,4258,944,4.5,33,15,234,255,485,2557,10,18,4.8,131,410,1701,7,4.1,81,117,920,22,194,22.2,16.5,Own 27.1,2:20,5.02,21.9,1.02, 43,6,27,31,23
2009,14,4,12,294,4851,1019,4.8,27,10,256,296,536,2922,18,17,5.0,139,438,1929,8,4.4,91,84,667,26,202,25.2,12.4,Own 28.5,2:13,5.19,23.7,1.27, 43,6,27,31,23
2009,19,11,5,361,6390,1020,6.3,19,10,335,347,550,4287,26,9,7.3,203,436,2103,14,4.8,110,115,892,22,179,33.5,9.5,Own 27.6,2:53,5.87,35.7,1.9, 43,6,27,31,23
2009,20,11,5,429,5726,975,5.9,23,10,290,335,553,4089,27,13,6.9,182,384,1637,14,4.3,87,115,951,21,192,38.0,10.4,Own 30.6,2:21,5.27,29.8,1.99, 43,6,27,31,23
2009,17,8,8,402,5856,1017,5.8,31,17,323,338,542,4019,28,14,7.0,194,443,1837,14,4.1,103,95,802,26,183,37.7,15.3,Own 30.5,2:46,5.73,32.0,2.05, 43,6,27,31,23
2009,18,4,12,266,5000,970,5.2,28,12,280,340,533,3490,21,16,6.0,191,391,1510,8,3.9,72,85,679,17,172,29.7,13.4,Own 28.7,2:42,5.78,28.9,1.56, 43,6,27,31,23
2009,22,12,4,470,6074,1054,5.8,18,11,343,377,553,4156,34,7,7.1,220,467,1918,19,4.1,99,101,757,24,188,42.0,9.0,Own 32.5,2:48,5.76,32.2,2.39, 43,6,27,31,23
2009,24,11,5,461,6065,1042,5.8,16,8,335,357,553,4180,30,8,6.9,201,438,1885,20,4.3,102,118,1057,32,191,40.3,7.9,Own 32.3,2:46,5.64,31.7,2.26, 43,6,27,31,23
2009,21,7,9,327,4965,971,5.1,34,7,262,340,563,3473,27,27,5.8,170,373,1492,6,4.0,71,100,836,21,193,29.5,16.6,Own 32.4,2:22,5.18,25.7,1.57, 43,6,27,31,23
2009,23,2,14,262,4784,1037,4.6,41,9,281,316,585,3168,16,32,5.0,168,409,1616,9,4.0,82,98,768,31,194,23.7,20.1,Own 27.7,2:23,5.49,24.6,1.23, 43,6,27,31,23
2009,28,13,3,510,6461,1032,6.3,28,16,348,378,544,4355,34,12,7.7,215,468,2106,21,4.5,115,89,787,18,185,41.6,13.5,Own 31.4,2:44,5.73,34.9,2.44, 43,6,27,31,23
2009,27,9,7,363,5447,1048,5.2,25,8,330,332,570,3571,26,17,6.0,192,451,1876,15,4.2,105,78,664,33,170,35.3,13.5,Own 30.6,2:49,6.34,32.1,2.02, 43,6,27,31,23
2009,26,8,8,315,5297,1023,5.2,31,11,289,264,465,2799,16,20,5.6,152,525,2498,18,4.8,123,88,698,14,193,29.0,15.0,Own 28.2,2:30,5.45,27.4,1.58, 43,6,27,31,23
2009,25,3,13,244,4600,961,4.8,34,5,246,279,524,2973,18,29,5.3,148,404,1627,5,4.0,80,93,696,18,194,20.1,17.5,Own 30.4,2:22,5.09,23.6,1.08, 43,6,27,31,23
2009,31,10,6,375,5510,985,5.6,36,18,317,392,594,4016,27,18,6.5,215,365,1494,16,4.1,77,108,886,25,199,30.7,17.1,Own 29.9,2:24,5.05,27.6,1.78, 43,6,27,31,23
2009,32,8,8,330,4652,939,5.0,24,10,238,312,528,3052,23,14,5.4,137,371,1600,12,4.3,77,98,758,24,196,27.6,10.2,Own 29.1,2:26,4.91,23.8,1.54, 43,6,27,31,23
2009,29,5,11,280,5069,1045,4.9,31,12,297,372,609,3503,20,19,5.4,184,395,1566,7,4.0,80,95,840,33,194,26.3,15.5,Own 28.4,2:16,5.52,25.8,1.35, 43,6,27,31,23
2009,30,1,15,175,4470,998,4.5,33,12,259,312,543,2686,12,21,4.6,159,411,1784,4,4.3,79,100,834,21,181,19.3,16.6,Own 28.1,2:35,5.65,24.6,0.93, 43,6,27,31,23
2008,2,11,5,345,5529,965,5.7,13,6,308,330,491,3632,20,7,7.0,184,448,1897,18,4.2,111,81,669,13,174,33.9,6.9,Own 29.2,2:51,5.69,31.6,1.89, 42,17,17,1,14
2008,1,11,5,410,5847,1095,5.3,21,10,356,339,534,3569,21,11,6.1,186,513,2278,21,4.4,145,57,501,25,174,44.8,11.5,Own 33.3,2:59,6.52,33.5,2.31, 42,17,17,1,14
2008,4,9,7,405,5307,981,5.4,31,8,308,347,529,3303,22,23,5.9,186,422,2004,20,4.7,94,77,569,28,177,37.3,16.9,Own 31.4,2:49,5.71,29.8,2.07, 42,17,17,1,14
2008,3,7,9,336,4882,956,5.1,30,15,287,309,479,3040,14,15,5.9,167,439,1842,16,4.2,107,71,538,13,176,34.1,16.5,Own 32.1,2:44,5.65,27.7,1.7, 42,17,17,1,14
2008,6,12,4,347,4991,1015,4.9,25,10,290,303,506,3301,19,15,5.9,179,460,1690,16,3.7,93,95,812,18,190,32.6,12.6,Own 31.1,2:40,5.51,26.1,1.72, 42,17,17,1,14
2008,7,11,5,385,5184,1058,4.9,21,9,300,261,433,2808,16,12,6.0,147,592,2376,20,4.0,132,103,785,21,194,33.0,10.8,Own 32.3,2:45,5.63,26.6,1.73, 42,17,17,1,14
2008,5,4,11,204,3926,984,4.0,26,11,245,303,513,2406,11,15,4.3,145,420,1520,6,3.6,80,75,591,20,186,21.0,13.4,Own 30.1,2:31,5.43,21.0,0.99, 42,17,17,1,14
2008,8,4,12,232,3985,921,4.3,26,6,233,238,488,2380,11,20,4.6,127,409,1605,6,3.9,84,100,669,22,172,27.3,14.5,Own 29.8,2:34,5.57,23.1,1.22, 42,17,17,1,14
2008,11,13,3,375,5018,973,5.2,17,8,268,265,453,2819,13,9,6.1,143,508,2199,24,4.3,108,108,855,17,191,34.6,8.9,Own 32.4,2:27,5.27,26.1,1.81, 42,17,17,1,14
2008,9,12,4,377,5368,969,5.5,17,5,321,393,585,4094,27,12,6.8,220,370,1274,13,3.4,80,86,619,21,150,40.7,10.0,Own 28.2,3:03,6.63,35.8,2.31, 42,17,17,1,14
2008,12,8,8,366,6113,1019,6.0,32,12,340,367,555,4267,21,20,7.3,210,432,1846,16,4.3,106,80,664,24,173,38.2,17.3,Own 29.8,2:58,6.08,35.3,2.0, 42,17,17,1,14
2008,10,5,11,302,5106,1005,5.1,24,11,312,335,537,3332,15,13,5.8,183,426,1774,17,4.2,107,104,813,22,172,29.7,12.8,Own 27.3,2:56,5.99,29.7,1.63, 42,17,17,1,14
2008,15,8,8,439,5584,924,6.0,20,9,301,312,478,3858,34,11,7.7,191,421,1726,13,4.1,92,95,748,18,170,43.5,10.6,Own 30.6,2:43,5.62,32.8,2.41, 42,17,17,1,14
2008,13,8,8,370,6333,1019,6.2,30,12,354,386,620,4471,25,18,7.1,223,387,1862,15,4.8,103,77,739,28,167,38.9,17.4,Own 26.0,2:45,6.31,37.9,2.13, 42,17,17,1,14
2008,16,5,11,263,4356,919,4.7,23,12,225,222,421,2369,13,11,5.2,123,459,1987,9,4.3,87,109,823,15,187,24.6,11.8,Own 30.3,2:26,5.07,23.0,1.21, 42,17,17,1,14
2008,14,2,14,291,4939,957,5.2,24,8,273,310,541,3129,23,16,5.4,161,379,1810,9,4.8,94,78,645,18,178,27.0,12.4,Own 27.8,2:31,5.5,27.6,1.53, 42,17,17,1,14
2008,17,12,4,427,5695,1021,5.6,13,3,338,298,491,3177,23,10,6.1,176,502,2518,19,5.0,130,102,821,32,178,43.8,7.3,Own 32.3,3:00,5.96,32.0,2.26, 42,17,17,1,14
2008,20,9,6,416,5608,1056,5.3,26,10,318,362,606,3911,23,16,6.2,204,427,1697,15,4.0,94,74,635,20,200,35.5,11.5,Own 31.2,2:31,5.48,28.0,1.83, 42,17,17,1,14
2008,19,9,7,362,5512,979,5.6,33,13,291,328,547,3789,29,20,6.6,171,401,1723,12,4.3,102,120,957,18,190,32.1,16.3,Own 29.5,2:32,5.27,28.9,1.83, 42,17,17,1,14
2008,18,8,8,265,5120,1026,5.0,18,12,295,318,510,3025,14,6,5.5,165,478,2095,12,4.4,109,83,644,21,178,29.2,9.6,Own 31.8,2:50,5.97,28.7,1.46, 42,17,17,1,14
2008,22,10,6,379,5288,1014,5.2,31,14,292,267,452,2956,22,17,6.0,150,519,2332,15,4.5,119,90,692,23,190,34.7,14.7,Own 29.3,2:38,5.52,27.7,1.82, 42,17,17,1,14
2008,21,9,7,375,4734,991,4.8,27,13,264,304,528,3061,20,14,5.5,153,434,1673,15,3.9,98,78,610,13,203,30.5,11.3,Own 33.4,2:15,5.03,23.3,1.63, 42,17,17,1,14
2008,24,6,10,419,5618,1012,5.6,21,8,299,343,541,3813,28,13,6.6,182,437,1805,11,4.1,99,110,984,18,179,36.9,11.2,Own 28.2,2:50,5.84,31.2,1.98, 42,17,17,1,14
2008,23,0,16,268,4292,913,4.7,29,10,234,281,509,2960,18,19,5.3,143,352,1332,10,3.8,70,88,729,21,187,26.2,15.0,Own 27.9,2:19,5.01,22.9,1.39, 42,17,17,1,14
2008,26,12,4,414,5595,938,6.0,19,7,287,246,414,3158,15,12,7.3,152,504,2437,30,4.8,118,94,637,17,192,38.0,9.9,Own 31.8,2:27,5.05,29.2,2.08, 42,17,17,1,14
2008,27,11,5,391,5779,1011,5.7,21,10,313,265,434,3336,16,11,7.4,157,560,2443,23,4.4,131,71,591,25,174,39.7,10.3,Own 30.6,2:52,5.99,33.1,2.11, 42,17,17,1,14
2008,25,9,7,361,5456,1045,5.2,26,13,298,355,562,3619,18,13,6.1,184,451,1837,13,4.1,100,95,834,14,189,33.3,12.7,Own 32.4,2:43,5.73,28.8,1.66, 42,17,17,1,14
2008,28,8,8,463,6571,1047,6.3,26,8,354,413,636,4977,34,18,7.7,232,398,1594,20,4.0,103,86,797,19,178,42.7,14.0,Own 29.9,2:44,6.03,36.7,2.49, 42,17,17,1,14
2008,31,9,7,427,5852,998,5.9,30,15,328,418,630,4674,31,15,7.1,231,340,1178,14,3.5,72,107,781,25,178,39.3,15.7,Own 30.8,2:43,5.76,32.9,2.19, 42,17,17,1,14
2008,32,7,9,339,4978,961,5.2,35,16,287,309,509,3379,21,19,6.0,176,397,1599,10,4.0,83,98,732,28,185,33.0,18.4,Own 29.2,2:33,5.37,26.7,1.68, 42,17,17,1,14
2008,29,4,12,294,4385,927,4.7,27,12,265,262,474,2617,18,15,5.1,142,417,1768,10,4.2,104,79,601,19,176,29.5,13.6,Own 30.9,2:25,5.43,25.0,1.52, 42,17,17,1,14
2008,30,2,14,232,4596,982,4.7,31,12,249,292,520,2947,11,19,5.2,140,417,1649,8,4.0,95,97,718,14,190,26.3,16.3,Own 27.2,2:29,5.36,24.2,1.19, 42,17,17,1,14
2007,1,16,0,589,6580,1058,6.2,15,6,393,403,586,4731,50,9,7.8,243,451,1849,17,4.1,124,78,690,26,167,52.7,7.8,Own 32.3,3:07,6.48,39.3,3.19, 41,9,29,21,17
2007,3,7,9,252,4434,919,4.8,21,7,248,263,445,2634,12,14,5.6,141,448,1800,8,4.0,91,78,633,16,177,24.9,11.9,Own 30.4,2:36,5.34,24.8,1.2, 41,9,29,21,17
2007,4,4,12,268,4715,1011,4.7,25,6,286,310,512,3014,15,19,5.3,173,446,1701,6,3.8,92,63,486,21,171,29.2,14.0,Own 30.3,2:43,6.13,27.5,1.37, 41,9,29,21,17
2007,2,1,15,267,4600,989,4.7,29,13,283,318,558,3031,12,16,5.1,162,389,1569,14,4.0,107,91,732,14,175,26.9,16.0,Own 27.7,2:42,5.78,26.0,1.4, 41,9,29,21,17
2007,6,10,6,393,5239,1000,5.2,22,8,298,282,442,3071,34,14,6.3,179,511,2168,9,4.2,108,80,651,11,175,37.7,11.4,Own 32.4,3:04,5.86,29.8,2.11, 41,9,29,21,17
2007,8,10,6,402,5621,1004,5.6,29,9,315,305,545,3726,29,20,6.6,192,440,1895,13,4.3,110,114,868,13,192,35.4,14.6,Own 33.2,2:27,5.39,29.2,1.94, 41,9,29,21,17
2007,5,7,9,380,5568,1008,5.5,30,10,320,373,575,4012,26,20,6.8,213,416,1556,10,3.7,81,90,670,26,177,37.9,15.3,Own 31.1,2:39,5.89,31.4,1.95, 41,9,29,21,17
2007,7,5,11,275,4832,1042,4.6,40,26,291,341,557,3035,13,14,5.1,175,446,1797,11,4.0,96,107,873,20,186,27.4,18.3,Own 29.5,2:41,5.78,25.9,1.34, 41,9,29,21,17
2007,9,13,3,450,5739,1020,5.6,19,5,357,355,551,4033,32,14,7.0,212,446,1706,19,3.8,119,67,515,26,166,44.6,11.4,Own 31.8,2:52,6.32,34.6,2.57, 41,9,29,21,17
2007,10,11,5,411,5719,1022,5.6,21,13,328,288,469,3328,28,8,6.7,180,522,2391,18,4.6,127,76,594,21,169,39.6,10.1,Own 30.2,3:02,6.2,33.8,2.28, 41,9,29,21,17
2007,11,10,6,301,4987,1037,4.8,34,17,306,288,464,2878,9,17,5.8,171,543,2109,17,3.9,118,101,773,17,189,32.3,16.9,Own 32.5,2:42,5.69,26.3,1.52, 41,9,29,21,17
2007,12,8,8,379,5337,968,5.5,38,17,295,346,529,3751,24,21,6.8,190,417,1586,12,3.8,96,82,636,9,172,35.5,20.9,Own 29.6,2:45,5.8,30.8,1.9, 41,9,29,21,17
2007,15,11,5,412,5044,980,5.1,24,8,278,281,471,3005,22,16,6.1,158,485,2039,19,4.2,104,94,761,16,191,34.0,12.6,Own 31.8,2:31,5.28,26.4,1.88, 41,9,29,21,17
2007,13,7,9,320,5541,976,5.7,29,14,305,326,515,3584,21,15,6.6,187,429,1957,10,4.6,96,90,610,22,177,32.8,14.7,Own 28.0,2:40,5.69,31.1,1.68, 41,9,29,21,17
2007,14,4,12,226,4429,1001,4.4,33,13,255,335,563,3181,17,20,5.1,171,383,1248,6,3.3,66,101,697,18,194,21.6,15.5,Own 28.1,2:29,5.3,22.8,1.12, 41,9,29,21,17
2007,16,4,12,283,4717,1000,4.7,37,17,267,260,451,2631,17,20,5.3,133,508,2086,11,4.1,111,120,864,23,191,26.7,17.3,Own 29.6,2:38,5.4,24.6,1.39, 41,9,29,21,17
2007,19,13,3,455,5851,975,6.0,24,5,322,342,531,4105,36,19,7.4,217,419,1746,14,4.2,83,104,815,22,182,41.8,12.6,Own 31.9,2:41,5.53,32.1,2.35, 41,9,29,21,17
2007,17,10,6,373,5302,1041,5.1,34,14,321,302,544,3154,23,20,5.5,167,469,2148,15,4.6,119,77,652,35,189,32.3,17.5,Own 31.5,2:39,5.65,28.1,1.77, 41,9,29,21,17
2007,18,9,7,334,5334,1052,5.1,29,18,307,319,525,3463,18,11,6.3,192,498,1871,15,3.8,103,90,751,12,193,32.1,15.0,Own 32.0,2:35,5.63,27.4,1.65, 41,9,29,21,17
2007,20,8,8,336,5729,1047,5.5,27,12,323,350,577,3755,24,15,6.0,186,421,1974,12,4.7,118,83,649,19,182,34.1,13.2,Own 29.2,2:43,5.93,31.5,1.86, 41,9,29,21,17
2007,24,13,3,435,5931,985,6.0,24,9,307,383,578,4334,30,15,7.3,210,388,1597,13,4.1,69,113,1006,28,190,38.9,12.1,Own 31.5,2:33,5.39,31.0,2.07, 41,9,29,21,17
2007,22,8,8,365,5379,964,5.6,30,16,294,249,432,2745,12,14,5.8,139,494,2634,22,5.3,131,86,662,24,190,28.4,15.3,Own 27.7,2:29,5.2,28.2,1.57, 41,9,29,21,17
2007,23,7,9,346,5166,965,5.4,36,14,303,368,587,3878,19,22,6.0,203,324,1288,13,4.0,73,100,676,27,189,32.3,18.5,Own 29.7,2:21,5.29,27.3,1.65, 41,9,29,21,17
2007,21,7,9,334,4692,1035,4.5,34,13,266,327,569,3362,18,21,5.5,168,423,1330,8,3.1,74,111,839,24,205,27.8,15.1,Own 34.5,2:13,5.22,22.8,1.34, 41,9,29,21,17
2007,25,9,7,334,5229,975,5.4,20,12,281,316,490,3357,18,8,6.4,162,449,1872,15,4.2,98,81,614,21,185,33.0,9.7,Own 33.1,2:38,5.45,28.2,1.7, 41,9,29,21,17
2007,26,7,9,267,4559,989,4.6,29,12,255,285,505,2735,19,17,5.1,142,451,1824,7,4.0,85,95,801,28,189,26.5,13.8,Own 28.7,2:26,5.38,23.9,1.34, 41,9,29,21,17
2007,28,7,9,379,5780,1060,5.5,30,12,346,440,652,4314,28,18,6.5,232,392,1466,14,3.7,94,68,581,20,180,31.7,16.1,Own 28.5,2:46,6.01,32.1,1.88, 41,9,29,21,17
2007,27,4,12,259,4813,987,4.9,24,9,248,336,555,3293,18,15,5.5,161,385,1520,7,3.9,73,105,891,14,194,26.3,12.4,Own 31.0,2:22,5.26,24.7,1.3, 41,9,29,21,17
2007,29,10,6,393,5583,1056,5.3,24,11,323,371,590,3964,30,13,6.3,211,430,1619,9,3.8,93,59,428,19,202,33.2,11.4,Own 31.7,2:22,5.4,27.5,1.77, 41,9,29,21,17
2007,31,8,8,404,5505,1016,5.4,36,12,308,356,590,4065,32,24,6.6,210,402,1440,9,3.6,70,137,1128,28,197,32.0,18.3,Own 32.5,2:29,5.31,27.6,1.81, 41,9,29,21,17
2007,32,5,11,219,3797,925,4.1,34,17,218,274,513,2320,15,17,4.1,140,357,1477,8,4.1,65,97,702,13,203,19.7,15.8,Own 32.3,2:08,4.65,18.6,1.04, 41,9,29,21,17
2007,30,3,13,263,4760,1026,4.6,37,9,281,333,574,3233,19,28,5.2,193,404,1527,5,3.8,65,94,794,23,193,24.9,18.7,Own 28.4,2:30,5.49,24.6,1.24, 41,9,29,21,17
2006,1,12,4,385,5369,1055,5.1,27,15,330,326,527,3400,25,12,6.1,181,499,1969,20,3.9,121,98,940,28,189,34.4,13.8,Own 32.6,2:40,5.72,28.5,1.98, 40,6,21,29,10
2006,4,10,6,316,4891,1013,4.8,25,9,289,313,488,3153,17,16,6.0,161,491,1738,15,3.5,99,70,560,29,176,31.8,13.6,Own 30.8,2:49,5.91,27.7,1.68, 40,6,21,29,10
2006,3,7,9,300,4271,898,4.8,29,15,234,268,431,2719,19,14,5.7,132,420,1552,9,3.7,82,87,629,20,186,27.4,15.1,Own 31.2,2:25,4.96,22.8,1.42, 40,6,21,29,10
2006,2,6,10,260,4960,1034,4.8,25,6,281,342,591,3287,16,19,5.2,180,402,1673,7,4.2,82,90,789,19,190,25.8,12.6,Own 31.5,2:32,5.63,26.0,1.26, 40,6,21,29,10
2006,7,13,3,353,5072,1017,5.0,23,9,282,328,524,3435,21,14,6.3,179,476,1637,11,3.4,86,109,878,17,192,31.3,11.5,Own 33.5,2:44,5.45,26.2,1.6, 40,6,21,29,10
2006,5,8,8,373,5462,994,5.5,24,11,313,327,523,3833,28,13,6.9,200,435,1629,14,3.7,88,92,717,25,188,35.6,12.2,Own 31.0,2:26,5.45,29.0,1.96, 40,6,21,29,10
2006,6,8,8,353,5725,1041,5.5,37,14,327,312,523,3733,23,23,6.5,201,469,1992,16,4.2,100,69,611,26,188,31.4,18.1,Own 28.0,2:41,5.68,30.3,1.77, 40,6,21,29,10
2006,8,4,12,238,4233,938,4.5,42,17,250,318,512,2898,15,25,5.1,153,372,1335,7,3.6,72,74,687,25,188,22.9,21.3,Own 31.3,2:31,5.15,22.5,1.15, 40,6,21,29,10
2006,9,12,4,427,6070,1011,6.0,19,10,376,362,557,4308,31,9,7.5,241,439,1762,17,4.0,112,86,718,23,156,47.4,10.9,Own 28.8,3:02,6.67,38.9,2.65, 40,6,21,29,10
2006,11,8,8,324,4810,945,5.1,26,7,261,226,447,2596,13,19,5.5,133,469,2214,15,4.7,105,94,803,23,187,26.7,13.9,Own 30.0,2:21,5.2,25.6,1.4, 40,6,21,29,10
2006,10,8,8,371,5423,989,5.5,23,9,293,266,446,2882,17,14,6.1,147,513,2541,23,5.0,127,97,810,19,188,35.1,11.2,Own 33.2,2:45,5.43,28.8,1.9, 40,6,21,29,10
2006,12,6,10,267,4463,955,4.7,25,12,282,329,481,2778,14,13,5.3,156,431,1685,13,3.9,106,90,761,20,169,27.2,13.6,Own 28.0,2:47,5.8,26.4,1.46, 40,6,21,29,10
2006,15,14,2,492,5840,1016,5.7,15,6,321,287,466,3262,24,9,6.6,169,522,2578,32,4.9,137,90,791,15,190,43.2,6.8,Own 32.1,2:40,5.5,30.6,2.47, 40,6,21,29,10
2006,14,9,7,331,5143,1004,5.1,26,14,310,272,450,3000,18,12,6.1,184,513,2143,17,4.2,105,76,577,21,182,32.4,12.6,Own 31.8,2:41,5.69,28.0,1.74, 40,6,21,29,10
2006,13,9,7,319,4951,973,5.1,30,12,285,256,454,2799,20,18,5.8,151,488,2152,12,4.4,106,67,478,28,192,30.7,14.6,Own 27.0,2:32,5.22,25.7,1.59, 40,6,21,29,10
2006,16,2,14,168,3939,949,4.2,46,22,243,263,483,2420,7,24,4.4,144,394,1519,5,3.9,73,111,847,26,180,16.7,25.0,Own 30.9,2:30,5.41,21.6,0.77, 40,6,21,29,10
2006,20,10,6,398,6103,988,6.2,24,15,312,323,544,4119,31,9,7.2,189,416,1984,13,4.8,106,112,983,17,183,33.9,11.5,Own 30.0,2:32,5.52,33.2,1.98, 40,6,21,29,10
2006,19,9,7,425,5772,1015,5.7,30,9,336,310,506,3836,26,21,7.1,197,472,1936,21,4.1,107,100,939,32,176,38.1,15.3,Own 31.7,2:49,5.93,32.6,2.21, 40,6,21,29,10
2006,17,8,8,355,5214,1003,5.2,28,10,304,301,523,3058,24,18,5.6,163,455,2156,14,4.7,120,101,881,21,190,32.6,13.7,Own 32.2,2:31,5.43,27.5,1.8, 40,6,21,29,10
2006,18,5,11,307,5243,979,5.4,17,7,295,274,470,3027,19,10,6.2,150,490,2216,13,4.5,123,106,939,22,179,30.2,9.5,Own 29.1,2:42,5.64,29.2,1.62, 40,6,21,29,10
2006,21,13,3,427,5199,1042,5.0,36,14,300,282,514,3281,24,22,6.1,161,503,1918,14,3.8,103,112,923,36,201,34.8,15.9,Own 32.6,2:28,5.36,25.8,1.8, 40,6,21,29,10
2006,24,8,8,301,5458,1085,5.0,33,15,301,350,630,3795,18,18,5.8,185,431,1663,9,3.9,93,90,689,23,199,26.6,16.1,Own 30.4,2:28,5.63,27.3,1.34, 40,6,21,29,10
2006,22,6,10,282,4943,1025,4.8,32,12,272,332,540,3123,13,20,5.4,160,442,1820,12,4.1,87,123,903,25,197,23.9,15.7,Own 29.9,2:35,5.33,25.1,1.24, 40,6,21,29,10
2006,23,3,13,305,4949,963,5.1,39,17,290,372,596,3820,21,22,5.8,208,304,1129,9,3.7,53,116,939,29,185,31.9,21.1,Own 29.7,2:24,5.38,26.7,1.61, 40,6,21,29,10
2006,28,10,6,413,6264,1075,5.8,23,10,330,372,580,4503,27,13,7.5,207,472,1761,19,3.7,99,79,597,24,190,36.8,12.1,Own 29.2,2:41,5.79,33.0,2.09, 40,6,21,29,10
2006,26,8,8,270,4923,994,5.0,27,10,278,325,539,3264,19,17,5.7,158,423,1659,7,3.9,100,103,744,20,197,25.4,12.7,Own 27.1,2:28,5.18,25.0,1.29, 40,6,21,29,10
2006,27,7,9,292,5310,1000,5.3,20,5,287,222,416,2371,21,15,5.1,133,537,2939,9,5.5,134,96,877,20,184,28.8,10.9,Own 30.3,2:37,5.61,28.8,1.52, 40,6,21,29,10
2006,25,4,12,211,4321,972,4.4,32,14,237,296,535,2798,14,18,4.9,133,404,1523,6,3.8,82,87,732,22,190,19.5,16.3,Own 29.0,2:24,5.23,22.7,1.01, 40,6,21,29,10
2006,29,9,7,335,4977,1045,4.8,34,12,312,292,512,3054,26,22,5.4,167,484,1923,8,4.0,112,94,700,33,197,29.9,17.3,Own 31.1,2:25,5.46,25.3,1.59, 40,6,21,29,10
2006,30,8,8,367,5767,1065,5.4,18,10,332,371,592,3962,24,8,6.2,212,424,1805,13,4.3,94,116,960,26,183,37.7,8.7,Own 28.1,2:44,6.02,31.4,1.94, 40,6,21,29,10
2006,32,7,9,298,4857,918,5.3,32,16,243,257,444,2685,16,16,5.6,132,438,2172,12,5.0,97,93,818,14,189,30.2,15.3,Own 30.0,2:27,5.04,25.7,1.5, 40,6,21,29,10
2006,31,5,11,314,5000,999,5.0,30,13,298,322,545,3662,17,17,6.3,187,419,1338,12,3.2,84,117,937,27,177,32.2,15.3,Own 29.8,2:43,5.85,28.1,1.62, 40,6,21,29,10
2005,1,10,6,379,5632,1031,5.5,24,9,334,352,564,4120,28,15,7.0,204,439,1512,16,3.4,101,110,921,29,184,34.8,13.0,Own 30.0,2:38,5.74,30.6,2.0, 39,1,24,20,21
2005,2,9,7,318,5198,1026,5.1,30,14,274,291,556,3300,22,16,5.7,159,444,1898,11,4.3,93,132,1055,22,202,28.7,14.4,Own 31.5,2:10,5.23,25.4,1.51, 39,1,24,20,21
2005,3,5,11,271,4122,930,4.4,26,10,259,269,459,2515,18,16,5.0,129,428,1607,6,3.8,96,120,897,34,177,29.9,14.1,Own 33.8,2:37,5.45,23.1,1.44, 39,1,24,20,21
2005,4,4,12,240,3970,907,4.4,34,19,251,268,470,2642,11,15,5.1,146,384,1328,10,3.5,74,98,801,31,168,25.6,16.7,Own 31.5,2:33,5.57,23.3,1.27, 39,1,24,20,21
2005,5,11,5,421,5730,1018,5.6,20,6,342,362,538,3820,32,14,6.8,203,459,1910,15,4.2,109,110,920,30,179,41.9,11.2,Own 34.3,2:45,5.87,32.0,2.31, 39,1,24,20,21
2005,6,11,5,389,5149,960,5.4,23,9,297,228,379,2926,21,14,7.1,144,549,2223,21,4.0,120,99,876,33,183,36.1,10.9,Own 33.2,2:46,5.41,28.1,2.0, 39,1,24,20,21
2005,7,6,10,265,4693,1056,4.4,36,15,286,335,562,3088,17,21,5.1,163,452,1605,5,3.6,97,139,1067,26,191,27.2,18.3,Own 30.0,2:34,5.71,24.5,1.28, 39,1,24,20,21
2005,8,6,10,232,4550,938,4.9,30,13,241,297,497,3047,15,17,5.6,149,395,1503,4,3.8,76,99,770,16,178,25.8,16.9,Own 30.5,2:31,5.43,25.4,1.2, 39,1,24,20,21
2005,9,14,2,439,5799,1000,5.8,19,8,363,347,515,4096,31,11,7.7,217,465,1703,18,3.7,116,94,690,30,165,43.6,9.1,Own 31.2,2:57,6.22,35.1,2.5, 39,1,24,20,21
2005,10,12,4,361,5149,1021,5.0,17,11,301,283,487,3190,21,6,6.1,170,502,1959,18,3.9,97,121,1006,34,193,32.1,8.3,Own 34.3,2:38,5.45,26.7,1.77, 39,1,24,20,21
2005,11,4,12,299,5122,1022,5.0,26,12,279,358,594,3597,20,14,5.8,191,397,1525,8,3.8,72,125,1002,16,193,26.4,13.5,Own 32.4,2:35,5.44,26.5,1.37, 39,1,24,20,21
2005,12,2,14,260,4053,954,4.2,24,11,243,270,449,2237,15,13,4.3,142,437,1816,9,4.2,89,106,854,12,173,28.9,12.7,Own 32.6,2:39,5.71,23.3,1.42, 39,1,24,20,21
2005,13,13,3,395,5766,1030,5.6,16,9,330,279,465,3227,18,7,6.6,162,542,2539,25,4.7,145,97,756,23,186,36.0,8.1,Own 31.8,2:49,5.71,30.9,2.01, 39,1,24,20,21
2005,14,10,6,403,6192,1059,5.8,23,13,347,317,507,3810,17,10,7.1,182,520,2382,26,4.6,138,115,890,27,183,38.3,11.5,Own 30.6,2:48,5.97,33.8,2.09, 39,1,24,20,21
2005,15,9,7,418,5567,1022,5.4,28,12,337,338,526,3495,27,16,6.3,191,465,2072,22,4.5,116,110,890,30,178,39.3,13.5,Own 29.9,2:50,5.88,31.3,2.28, 39,1,24,20,21
2005,16,4,12,290,4951,997,5.0,23,9,294,316,591,3582,21,14,5.6,189,361,1369,11,3.8,80,147,1132,25,183,28.4,11.5,Own 29.3,2:27,5.62,27.0,1.55, 39,1,24,20,21
2005,17,11,5,422,5787,1055,5.5,25,8,312,294,558,3578,24,17,6.1,172,469,2209,17,4.7,106,143,1115,34,201,37.8,11.4,Own 33.8,2:29,5.46,28.7,1.95, 39,1,24,20,21
2005,18,10,6,359,5289,1037,5.1,27,16,301,278,481,3106,25,11,6.1,166,525,2183,15,4.2,114,108,925,21,192,29.7,13.0,Own 30.0,2:39,5.51,27.5,1.72, 39,1,24,20,21
2005,19,9,7,325,5202,1071,4.9,31,14,318,300,500,3341,23,17,6.1,177,521,1861,13,3.6,97,99,739,44,194,28.9,15.5,Own 31.1,2:41,5.66,26.7,1.61, 39,1,24,20,21
2005,20,6,10,310,5109,1027,5.0,34,14,282,337,620,3677,21,20,5.6,182,365,1432,11,3.9,73,134,1130,27,218,24.8,14.7,Own 30.4,2:06,4.85,23.3,1.33, 39,1,24,20,21
2005,21,11,5,260,4101,937,4.4,28,13,233,219,418,2002,11,15,4.5,111,488,2099,11,4.3,99,105,850,23,195,22.6,12.8,Own 33.8,2:22,4.97,21.0,1.13, 39,1,24,20,21
2005,22,9,7,306,4613,945,4.9,30,14,285,323,510,3146,18,16,5.6,169,381,1467,10,3.9,83,128,1013,33,190,27.9,14.2,Own 31.6,2:25,5.15,24.3,1.43, 39,1,24,20,21
2005,23,5,11,254,4319,955,4.5,30,12,258,297,520,2848,15,18,5.2,151,404,1471,10,3.6,69,115,838,38,179,24.6,15.6,Own 30.5,2:38,5.47,24.2,1.3, 39,1,24,20,21
2005,24,4,12,298,5118,1051,4.9,45,15,318,383,626,3766,20,30,5.8,206,398,1352,11,3.4,76,119,918,36,189,27.0,22.2,Own 28.6,2:37,5.7,26.8,1.47, 39,1,24,20,21
2005,25,11,5,300,4716,985,4.8,23,9,268,303,487,2890,17,14,5.5,161,457,1826,13,4.0,83,131,1085,24,190,27.4,11.6,Own 29.6,2:38,5.33,24.8,1.45, 39,1,24,20,21
2005,26,11,5,391,4950,964,5.1,26,10,278,269,449,3271,25,16,6.9,157,487,1679,17,3.4,82,91,732,39,190,35.8,12.6,Own 33.0,2:36,5.25,26.1,1.96, 39,1,24,20,21
2005,27,8,8,351,5225,1021,5.1,29,16,313,247,451,2679,19,13,5.5,149,531,2546,17,4.8,139,114,1043,25,190,31.6,13.2,Own 30.3,2:34,5.52,27.5,1.71, 39,1,24,20,21
2005,28,3,13,235,5031,1017,4.9,43,19,312,308,553,3343,15,24,5.6,182,423,1688,8,4.0,89,135,1130,41,182,26.4,20.3,Own 28.5,2:41,5.77,27.6,1.3, 39,1,24,20,21
2005,29,13,3,452,5915,1020,5.8,17,7,361,307,474,3458,25,10,6.9,192,519,2457,29,4.7,142,94,846,27,185,38.9,8.1,Own 31.6,2:35,5.65,31.9,2.34, 39,1,24,20,21
2005,30,6,10,363,5571,1025,5.4,37,13,314,392,599,4036,23,24,6.3,209,380,1535,13,4.0,82,131,941,23,195,32.3,18.5,Own 30.6,2:30,5.42,28.5,1.71, 39,1,24,20,21
2005,31,5,11,311,5575,1075,5.2,37,16,304,419,670,4437,21,21,6.2,224,360,1138,2,3.2,58,145,1184,22,194,34.0,18.0,Own 29.5,2:35,5.77,28.7,1.49, 39,1,24,20,21
2005,32,4,12,239,3587,865,4.1,35,14,191,204,389,1898,8,21,4.3,96,428,1689,9,3.9,70,106,780,25,196,21.9,16.3,Own 27.6,2:15,4.56,18.2,1.01, 39,1,24,20,21
